Price,Close,High,Low,Open,Volume
Ticker,BIPI.JK,BIPI.JK,BIPI.JK,BIPI.JK,BIPI.JK
Date,,,,,
2020-04-23,50.0,50.0,50.0,50.0,0
2020-04-24,50.0,50.0,50.0,50.0,300
2020-04-27,50.0,50.0,50.0,50.0,0
2020-04-28,50.0,50.0,50.0,50.0,0
2020-04-29,50.0,50.0,50.0,50.0,200
2020-04-30,50.0,50.0,50.0,50.0,0
2020-05-04,50.0,50.0,50.0,50.0,0
2020-05-05,50.0,50.0,50.0,50.0,100
2020-05-06,50.0,50.0,50.0,50.0,1000
2020-05-08,50.0,50.0,50.0,50.0,1800
2020-05-11,50.0,50.0,50.0,50.0,600
2020-05-12,50.0,50.0,50.0,50.0,67500
2020-05-13,50.0,50.0,50.0,50.0,0
2020-05-14,50.0,50.0,50.0,50.0,100
2020-05-15,50.0,50.0,50.0,50.0,1900
2020-05-18,50.0,50.0,50.0,50.0,300
2020-05-19,50.0,50.0,50.0,50.0,4000
2020-05-20,50.0,50.0,50.0,50.0,0
2020-05-26,50.0,50.0,50.0,50.0,1200
2020-05-27,50.0,50.0,50.0,50.0,1000
2020-05-28,50.0,50.0,50.0,50.0,100
2020-05-29,50.0,50.0,50.0,50.0,1600
2020-06-02,50.0,50.0,50.0,50.0,1400
2020-06-03,50.0,50.0,50.0,50.0,6700
2020-06-04,50.0,50.0,50.0,50.0,500
2020-06-05,50.0,50.0,50.0,50.0,1503300
2020-06-08,50.0,50.0,50.0,50.0,200600
2020-06-09,50.0,50.0,50.0,50.0,68100
2020-06-10,50.0,50.0,50.0,50.0,700
2020-06-11,50.0,50.0,50.0,50.0,176100
2020-06-12,50.0,50.0,50.0,50.0,3100
2020-06-15,50.0,50.0,50.0,50.0,2000
2020-06-16,50.0,50.0,50.0,50.0,800
2020-06-17,50.0,50.0,50.0,50.0,1000
2020-06-18,50.0,50.0,50.0,50.0,2200
2020-06-19,50.0,50.0,50.0,50.0,3000
2020-06-22,50.0,50.0,50.0,50.0,2400
2020-06-23,50.0,50.0,50.0,50.0,700
2020-06-24,50.0,50.0,50.0,50.0,3100
2020-06-25,50.0,50.0,50.0,50.0,200
2020-06-26,50.0,50.0,50.0,50.0,700
2020-06-29,50.0,50.0,50.0,50.0,1000
2020-06-30,50.0,50.0,50.0,50.0,1500
2020-07-01,50.0,50.0,50.0,50.0,20300
2020-07-02,50.0,50.0,50.0,50.0,1100
2020-07-03,50.0,50.0,50.0,50.0,1100
2020-07-06,50.0,50.0,50.0,50.0,174200
2020-07-07,50.0,50.0,50.0,50.0,100
2020-07-08,50.0,50.0,50.0,50.0,26900
2020-07-09,50.0,50.0,50.0,50.0,2100
2020-07-10,50.0,50.0,50.0,50.0,30700
2020-07-13,50.0,50.0,50.0,50.0,17900
2020-07-14,50.0,50.0,50.0,50.0,478000
2020-07-15,50.0,50.0,50.0,50.0,3900
2020-07-16,50.0,50.0,50.0,50.0,1600
2020-07-17,50.0,50.0,50.0,50.0,206600
2020-07-20,50.0,50.0,50.0,50.0,4100
2020-07-21,50.0,50.0,50.0,50.0,13300
2020-07-22,50.0,50.0,50.0,50.0,109700
2020-07-23,50.0,50.0,50.0,50.0,100
2020-07-24,50.0,50.0,50.0,50.0,25600
2020-07-27,50.0,50.0,50.0,50.0,900
2020-07-28,50.0,50.0,50.0,50.0,410500
2020-07-29,50.0,50.0,50.0,50.0,2300
2020-07-30,50.0,50.0,50.0,50.0,25600
2020-08-03,50.0,50.0,50.0,50.0,1800
2020-08-04,50.0,50.0,50.0,50.0,200
2020-08-05,50.0,50.0,50.0,50.0,3300
2020-08-06,50.0,50.0,50.0,50.0,21800
2020-08-07,50.0,50.0,50.0,50.0,25200
2020-08-10,50.0,50.0,50.0,50.0,29100
2020-08-11,50.0,50.0,50.0,50.0,26800
2020-08-12,50.0,50.0,50.0,50.0,3600
2020-08-13,50.0,50.0,50.0,50.0,13700
2020-08-14,50.0,50.0,50.0,50.0,10300
2020-08-18,50.0,50.0,50.0,50.0,6400
2020-08-19,50.0,50.0,50.0,50.0,2000
2020-08-24,50.0,50.0,50.0,50.0,1600
2020-08-25,50.0,50.0,50.0,50.0,2800
2020-08-26,50.0,50.0,50.0,50.0,1000
2020-08-27,50.0,50.0,50.0,50.0,3000
2020-08-28,50.0,50.0,50.0,50.0,2900
2020-08-31,50.0,50.0,50.0,50.0,109100
2020-09-01,50.0,50.0,50.0,50.0,2200
2020-09-02,50.0,50.0,50.0,50.0,561900
2020-09-03,50.0,50.0,50.0,50.0,1121800
2020-09-04,50.0,50.0,50.0,50.0,52400
2020-09-07,50.0,50.0,50.0,50.0,68300
2020-09-08,50.0,50.0,50.0,50.0,1200
2020-09-09,50.0,50.0,50.0,50.0,200
2020-09-10,50.0,50.0,50.0,50.0,100
2020-09-11,50.0,50.0,50.0,50.0,2400
2020-09-14,50.0,50.0,50.0,50.0,14100
2020-09-15,50.0,50.0,50.0,50.0,7416500
2020-09-16,50.0,50.0,50.0,50.0,211200
2020-09-17,50.0,50.0,50.0,50.0,1200
2020-09-18,50.0,50.0,50.0,50.0,500
2020-09-21,50.0,50.0,50.0,50.0,300
2020-09-22,50.0,50.0,50.0,50.0,10300
2020-09-23,50.0,50.0,50.0,50.0,7808400
2020-09-24,50.0,50.0,50.0,50.0,31600
2020-09-25,50.0,50.0,50.0,50.0,108300
2020-09-28,50.0,50.0,50.0,50.0,2700
2020-09-29,50.0,50.0,50.0,50.0,234300
2020-09-30,50.0,50.0,50.0,50.0,1500
2020-10-01,50.0,50.0,50.0,50.0,54300
2020-10-02,50.0,50.0,50.0,50.0,51100
2020-10-05,50.0,50.0,50.0,50.0,196400
2020-10-06,50.0,50.0,50.0,50.0,165600
2020-10-07,50.0,50.0,50.0,50.0,906300
2020-10-08,50.0,50.0,50.0,50.0,5400
2020-10-09,50.0,50.0,50.0,50.0,116700
2020-10-12,50.0,50.0,50.0,50.0,600
2020-10-13,50.0,50.0,50.0,50.0,46400
2020-10-14,50.0,50.0,50.0,50.0,0
2020-10-15,50.0,50.0,50.0,50.0,1300
2020-10-16,50.0,50.0,50.0,50.0,10100
2020-10-19,50.0,50.0,50.0,50.0,188100
2020-10-20,50.0,50.0,50.0,50.0,40100
2020-10-21,50.0,50.0,50.0,50.0,100200
2020-10-22,50.0,50.0,50.0,50.0,100
2020-10-23,50.0,50.0,50.0,50.0,300
2020-10-26,50.0,50.0,50.0,50.0,400
2020-10-27,50.0,50.0,50.0,50.0,100300
2020-11-02,50.0,50.0,50.0,50.0,1700
2020-11-03,50.0,50.0,50.0,50.0,3300
2020-11-04,50.0,50.0,50.0,50.0,42200
2020-11-05,50.0,50.0,50.0,50.0,2898200
2020-11-06,50.0,50.0,50.0,50.0,79600
2020-11-09,50.0,50.0,50.0,50.0,52400
2020-11-10,50.0,50.0,50.0,50.0,101700
2020-11-11,50.0,50.0,50.0,50.0,200
2020-11-12,50.0,50.0,50.0,50.0,1600
2020-11-13,50.0,50.0,50.0,50.0,130400
2020-11-16,50.0,50.0,50.0,50.0,2861100
2020-11-17,50.0,50.0,50.0,50.0,564100
2020-11-18,50.0,50.0,50.0,50.0,2874200
2020-11-19,50.0,50.0,50.0,50.0,1933100
2020-11-20,50.0,50.0,50.0,50.0,1870000
2020-11-23,50.0,50.0,50.0,50.0,1801500
2020-11-24,50.0,50.0,50.0,50.0,1678700
2020-11-25,50.0,52.0,50.0,50.0,232718300
2020-11-26,50.0,57.0,50.0,50.0,1282411500
2020-11-27,50.0,53.0,50.0,51.0,399087500
2020-11-30,50.0,51.0,50.0,50.0,86194100
2020-12-01,50.0,50.0,50.0,50.0,2407100
2020-12-02,50.0,50.0,50.0,50.0,2576200
2020-12-03,50.0,50.0,50.0,50.0,3328200
2020-12-04,50.0,50.0,50.0,50.0,3780200
2020-12-07,50.0,50.0,50.0,50.0,6240300
2020-12-08,50.0,50.0,50.0,50.0,4392500
2020-12-10,50.0,50.0,50.0,50.0,4021700
2020-12-11,50.0,50.0,50.0,50.0,1783600
2020-12-14,50.0,50.0,50.0,50.0,2331300
2020-12-15,50.0,50.0,50.0,50.0,2059700
2020-12-16,50.0,50.0,50.0,50.0,1502800
2020-12-17,51.0,53.0,50.0,50.0,413967100
2020-12-18,50.0,52.0,50.0,51.0,215359400
2020-12-21,50.0,51.0,50.0,50.0,72745500
2020-12-22,50.0,50.0,50.0,50.0,17976900
2020-12-23,50.0,50.0,50.0,50.0,1711700
2020-12-28,50.0,50.0,50.0,50.0,9257000
2020-12-29,50.0,50.0,50.0,50.0,546000
2020-12-30,50.0,50.0,50.0,50.0,488800
2021-01-04,50.0,50.0,50.0,50.0,184400
2021-01-05,50.0,50.0,50.0,50.0,5270700
2021-01-06,50.0,50.0,50.0,50.0,2301200
2021-01-07,50.0,50.0,50.0,50.0,360900
2021-01-08,50.0,50.0,50.0,50.0,598700
2021-01-11,50.0,50.0,50.0,50.0,412900
2021-01-12,50.0,50.0,50.0,50.0,450600
2021-01-13,50.0,52.0,50.0,50.0,192901600
2021-01-14,50.0,51.0,50.0,50.0,149605700
2021-01-15,50.0,51.0,50.0,50.0,56215000
2021-01-18,50.0,52.0,50.0,50.0,208996500
2021-01-19,50.0,51.0,50.0,51.0,12992300
2021-01-20,50.0,50.0,50.0,50.0,2303600
2021-01-21,50.0,50.0,50.0,50.0,428700
2021-01-22,50.0,50.0,50.0,50.0,594200
2021-01-25,50.0,50.0,50.0,50.0,242300
2021-01-26,50.0,50.0,50.0,50.0,1041000
2021-01-27,50.0,50.0,50.0,50.0,133400
2021-01-28,50.0,50.0,50.0,50.0,23300
2021-01-29,50.0,50.0,50.0,50.0,60200
2021-02-01,50.0,50.0,50.0,50.0,68900
2021-02-02,50.0,50.0,50.0,50.0,355500
2021-02-03,50.0,50.0,50.0,50.0,648900
2021-02-04,50.0,50.0,50.0,50.0,15900
2021-02-05,50.0,50.0,50.0,50.0,649800
2021-02-08,50.0,50.0,50.0,50.0,410800
2021-02-09,50.0,50.0,50.0,50.0,160100
2021-02-10,50.0,50.0,50.0,50.0,21400
2021-02-11,50.0,50.0,50.0,50.0,437600
2021-02-15,50.0,50.0,50.0,50.0,1882600
2021-02-16,50.0,50.0,50.0,50.0,155200
2021-02-17,50.0,50.0,50.0,50.0,22500
2021-02-18,50.0,50.0,50.0,50.0,254200
2021-02-19,50.0,50.0,50.0,50.0,462000
2021-02-22,50.0,50.0,50.0,50.0,326200
2021-02-23,50.0,50.0,50.0,50.0,468100
2021-02-24,50.0,50.0,50.0,50.0,351100
2021-02-25,50.0,50.0,50.0,50.0,1479800
2021-02-26,50.0,50.0,50.0,50.0,57800
2021-03-01,50.0,50.0,50.0,50.0,177300
2021-03-02,50.0,50.0,50.0,50.0,936000
2021-03-03,50.0,50.0,50.0,50.0,3205700
2021-03-04,50.0,50.0,50.0,50.0,437900
2021-03-05,50.0,50.0,50.0,50.0,1148100
2021-03-08,50.0,50.0,50.0,50.0,283600
2021-03-09,50.0,50.0,50.0,50.0,212400
2021-03-10,50.0,50.0,50.0,50.0,2616900
2021-03-12,50.0,50.0,50.0,50.0,2223200
2021-03-15,50.0,50.0,50.0,50.0,173500
2021-03-16,50.0,50.0,50.0,50.0,518700
2021-03-17,50.0,50.0,50.0,50.0,229900
2021-03-18,50.0,50.0,50.0,50.0,507900
2021-03-19,50.0,50.0,50.0,50.0,95500
2021-03-22,50.0,50.0,50.0,50.0,833300
2021-03-23,50.0,50.0,50.0,50.0,166000
2021-03-24,50.0,50.0,50.0,50.0,3200
2021-03-25,50.0,50.0,50.0,50.0,18500
2021-03-26,50.0,50.0,50.0,50.0,39500
2021-03-29,50.0,50.0,50.0,50.0,35100
2021-03-30,50.0,50.0,50.0,50.0,236200
2021-03-31,50.0,50.0,50.0,50.0,24200
2021-04-01,50.0,50.0,50.0,50.0,2537500
2021-04-05,50.0,50.0,50.0,50.0,118200
2021-04-06,50.0,50.0,50.0,50.0,28900
2021-04-07,50.0,50.0,50.0,50.0,11100
2021-04-08,50.0,50.0,50.0,50.0,96200
2021-04-09,50.0,50.0,50.0,50.0,85200
2021-04-12,50.0,50.0,50.0,50.0,113200
2021-04-13,50.0,50.0,50.0,50.0,172800
2021-04-14,50.0,50.0,50.0,50.0,520700
2021-04-15,50.0,50.0,50.0,50.0,15700
2021-04-16,50.0,50.0,50.0,50.0,46600
2021-04-19,50.0,50.0,50.0,50.0,431500
2021-04-20,50.0,50.0,50.0,50.0,42000
2021-04-21,50.0,50.0,50.0,50.0,267000
2021-04-22,50.0,50.0,50.0,50.0,48400
2021-04-23,50.0,50.0,50.0,50.0,4200
2021-04-26,50.0,50.0,50.0,50.0,7100
2021-04-27,50.0,50.0,50.0,50.0,2368700
2021-04-28,50.0,50.0,50.0,50.0,29800
2021-04-29,50.0,50.0,50.0,50.0,206800
2021-04-30,50.0,50.0,50.0,50.0,37100
2021-05-03,50.0,50.0,50.0,50.0,126100
2021-05-04,50.0,50.0,50.0,50.0,87500
2021-05-05,50.0,50.0,50.0,50.0,29700
2021-05-06,50.0,50.0,50.0,50.0,48200
2021-05-07,50.0,50.0,50.0,50.0,54200
2021-05-10,50.0,50.0,50.0,50.0,109600
2021-05-11,50.0,50.0,50.0,50.0,2146600
2021-05-17,50.0,50.0,50.0,50.0,146500
2021-05-18,50.0,50.0,50.0,50.0,5400
2021-05-19,50.0,50.0,50.0,50.0,28200
2021-05-20,50.0,50.0,50.0,50.0,10000
2021-05-21,50.0,50.0,50.0,50.0,24100
2021-05-24,50.0,50.0,50.0,50.0,15900
2021-05-25,50.0,50.0,50.0,50.0,6500
2021-05-27,50.0,50.0,50.0,50.0,13300
2021-05-28,50.0,50.0,50.0,50.0,397800
2021-05-31,50.0,50.0,50.0,50.0,67000
2021-06-02,50.0,50.0,50.0,50.0,46600
2021-06-03,50.0,50.0,50.0,50.0,29700
2021-06-04,50.0,50.0,50.0,50.0,20600
2021-06-07,50.0,50.0,50.0,50.0,19300
2021-06-08,50.0,50.0,50.0,50.0,9400
2021-06-09,50.0,50.0,50.0,50.0,9300
2021-06-10,50.0,50.0,50.0,50.0,1152300
2021-06-11,50.0,50.0,50.0,50.0,318700
2021-06-14,50.0,50.0,50.0,50.0,29400
2021-06-15,50.0,50.0,50.0,50.0,125200
2021-06-16,50.0,50.0,50.0,50.0,41800
2021-06-17,50.0,50.0,50.0,50.0,30300
2021-06-18,50.0,50.0,50.0,50.0,83200
2021-06-21,50.0,50.0,50.0,50.0,9300
2021-06-22,50.0,50.0,50.0,50.0,19900
2021-06-23,50.0,50.0,50.0,50.0,18300
2021-06-24,50.0,50.0,50.0,50.0,133400
2021-06-25,50.0,50.0,50.0,50.0,36000
2021-06-28,50.0,50.0,50.0,50.0,11800
2021-06-29,50.0,50.0,50.0,50.0,14500
2021-06-30,50.0,50.0,50.0,50.0,67300
2021-07-01,50.0,50.0,50.0,50.0,186000
2021-07-02,50.0,50.0,50.0,50.0,25900
2021-07-05,50.0,50.0,50.0,50.0,18900
2021-07-06,50.0,50.0,50.0,50.0,9700
2021-07-07,50.0,50.0,50.0,50.0,120000
2021-07-08,50.0,50.0,50.0,50.0,912600
2021-07-09,50.0,50.0,50.0,50.0,48600
2021-07-12,50.0,50.0,50.0,50.0,23100
2021-07-13,50.0,50.0,50.0,50.0,5500
2021-07-14,50.0,50.0,50.0,50.0,27300
2021-07-15,50.0,50.0,50.0,50.0,50100
2021-07-16,50.0,50.0,50.0,50.0,29100
2021-07-19,50.0,50.0,50.0,50.0,433800
2021-07-21,50.0,50.0,50.0,50.0,700
2021-07-22,50.0,50.0,50.0,50.0,48600
2021-07-23,50.0,50.0,50.0,50.0,13900
2021-07-26,50.0,50.0,50.0,50.0,60100
2021-07-27,50.0,50.0,50.0,50.0,3900
2021-07-28,50.0,50.0,50.0,50.0,62800
2021-07-29,50.0,50.0,50.0,50.0,20200
2021-07-30,50.0,50.0,50.0,50.0,119500
2021-08-02,50.0,50.0,50.0,50.0,33800
2021-08-03,50.0,50.0,50.0,50.0,36000
2021-08-04,50.0,50.0,50.0,50.0,130800
2021-08-05,50.0,50.0,50.0,50.0,5500
2021-08-06,50.0,50.0,50.0,50.0,12800
2021-08-09,50.0,50.0,50.0,50.0,631200
2021-08-10,50.0,50.0,50.0,50.0,1400
2021-08-12,50.0,50.0,50.0,50.0,23400
2021-08-13,50.0,50.0,50.0,50.0,243000
2021-08-16,50.0,50.0,50.0,50.0,56100
2021-08-18,50.0,50.0,50.0,50.0,182700
2021-08-19,50.0,50.0,50.0,50.0,191600
2021-08-20,50.0,50.0,50.0,50.0,79700
2021-08-23,50.0,50.0,50.0,50.0,155500
2021-08-24,50.0,50.0,50.0,50.0,34600
2021-08-25,50.0,50.0,50.0,50.0,7900
2021-08-26,50.0,50.0,50.0,50.0,7700
2021-08-27,50.0,50.0,50.0,50.0,2800
2021-08-30,50.0,50.0,50.0,50.0,101000
2021-08-31,50.0,50.0,50.0,50.0,68100
2021-09-01,50.0,50.0,50.0,50.0,373300
2021-09-02,50.0,50.0,50.0,50.0,48200
2021-09-03,50.0,50.0,50.0,50.0,27700
2021-09-06,50.0,50.0,50.0,50.0,21600
2021-09-07,50.0,50.0,50.0,50.0,36900
2021-09-08,50.0,50.0,50.0,50.0,491000
2021-09-09,50.0,50.0,50.0,50.0,166100
2021-09-10,50.0,50.0,50.0,50.0,261800
2021-09-13,50.0,50.0,50.0,50.0,3400
2021-09-14,50.0,50.0,50.0,50.0,224500
2021-09-15,50.0,50.0,50.0,50.0,262500
2021-09-16,50.0,50.0,50.0,50.0,436600
2021-09-17,50.0,50.0,50.0,50.0,3401400
2021-09-20,50.0,50.0,50.0,50.0,815600
2021-09-21,50.0,50.0,50.0,50.0,1278900
2021-09-22,50.0,50.0,50.0,50.0,1863400
2021-09-23,50.0,50.0,50.0,50.0,163500
2021-09-24,50.0,50.0,50.0,50.0,171800
2021-09-27,50.0,50.0,50.0,50.0,478700
2021-09-28,50.0,50.0,50.0,50.0,4966700
2021-09-29,50.0,53.0,50.0,50.0,285807300
2021-09-30,50.0,51.0,50.0,50.0,310065200
2021-10-01,50.0,51.0,50.0,50.0,228812300
2021-10-04,51.0,52.0,50.0,50.0,327409600
2021-10-05,50.0,52.0,50.0,51.0,425261000
2021-10-06,50.0,51.0,50.0,50.0,292126800
2021-10-07,50.0,51.0,50.0,50.0,340845000
2021-10-08,50.0,51.0,50.0,50.0,403867300
2021-10-11,50.0,51.0,50.0,50.0,293963200
2021-10-12,50.0,51.0,50.0,50.0,302876300
2021-10-13,50.0,51.0,50.0,50.0,266686600
2021-10-14,50.0,51.0,50.0,50.0,251942600
2021-10-15,50.0,51.0,50.0,50.0,552548600
2021-10-18,54.0,56.0,50.0,50.0,1105193500
2021-10-19,53.0,55.0,52.0,54.0,881306700
2021-10-21,51.0,55.0,50.0,52.0,655372700
2021-10-22,51.0,52.0,50.0,52.0,466725600
2021-10-25,51.0,52.0,50.0,51.0,416001800
2021-10-26,51.0,52.0,50.0,51.0,426402300
2021-10-27,50.0,52.0,50.0,51.0,219632100
2021-10-28,50.0,52.0,50.0,50.0,312466800
2021-10-29,50.0,51.0,50.0,50.0,372625900
2021-11-01,50.0,51.0,50.0,51.0,432248800
2021-11-02,50.0,51.0,50.0,50.0,311162600
2021-11-03,51.0,52.0,50.0,50.0,488829700
2021-11-04,51.0,52.0,50.0,51.0,372842700
2021-11-05,51.0,52.0,50.0,51.0,430723100
2021-11-08,51.0,52.0,50.0,51.0,331187600
2021-11-09,51.0,52.0,50.0,51.0,466533300
2021-11-10,51.0,52.0,50.0,51.0,366296900
2021-11-11,54.0,57.0,50.0,51.0,1042369300
2021-11-12,52.0,54.0,52.0,54.0,617040800
2021-11-15,54.0,57.0,52.0,52.0,939864600
2021-11-16,54.0,57.0,54.0,54.0,756114700
2021-11-17,52.0,56.0,52.0,54.0,682229800
2021-11-18,53.0,54.0,52.0,52.0,672104100
2021-11-19,53.0,54.0,52.0,53.0,637519800
2021-11-22,52.0,55.0,52.0,54.0,655646200
2021-11-23,52.0,54.0,52.0,53.0,622240000
2021-11-24,51.0,54.0,50.0,52.0,714478000
2021-11-25,51.0,53.0,50.0,51.0,736956500
2021-11-26,50.0,52.0,50.0,51.0,673868900
2021-11-29,51.0,52.0,50.0,50.0,675461100
2021-11-30,51.0,52.0,50.0,51.0,653726100
2021-12-01,50.0,51.0,50.0,51.0,497724200
2021-12-02,50.0,51.0,50.0,50.0,623971000
2021-12-03,50.0,51.0,50.0,50.0,588791500
2021-12-06,50.0,51.0,50.0,50.0,563079400
2021-12-07,50.0,50.0,50.0,50.0,538152400
2021-12-08,50.0,51.0,50.0,50.0,552452000
2021-12-09,50.0,51.0,50.0,50.0,824761800
2021-12-10,50.0,51.0,50.0,50.0,868338600
2021-12-13,50.0,51.0,50.0,50.0,770991600
2021-12-14,50.0,51.0,50.0,50.0,953142800
2021-12-15,50.0,51.0,50.0,50.0,801772100
2021-12-16,50.0,51.0,50.0,50.0,917533300
2021-12-17,50.0,51.0,50.0,50.0,978606900
2021-12-20,50.0,51.0,50.0,50.0,955717700
2021-12-21,50.0,51.0,50.0,50.0,802537000
2021-12-22,50.0,51.0,50.0,50.0,940685600
2021-12-23,50.0,51.0,50.0,50.0,728395100
2021-12-24,50.0,51.0,50.0,51.0,1067422600
2021-12-27,50.0,51.0,50.0,50.0,860989300
2021-12-28,50.0,51.0,50.0,50.0,1174154300
2021-12-29,50.0,51.0,50.0,50.0,843605100
2021-12-30,50.0,51.0,50.0,50.0,932914800
2022-01-03,50.0,51.0,50.0,50.0,760133200
2022-01-04,50.0,51.0,50.0,50.0,1222340900
2022-01-05,50.0,51.0,50.0,50.0,805683500
2022-01-06,50.0,51.0,50.0,50.0,922943700
2022-01-07,50.0,51.0,50.0,50.0,1219582100
2022-01-10,50.0,51.0,50.0,50.0,1086275800
2022-01-11,50.0,51.0,50.0,50.0,944452000
2022-01-12,50.0,51.0,50.0,50.0,868971400
2022-01-13,50.0,50.0,50.0,50.0,1150695600
2022-01-14,50.0,51.0,50.0,50.0,1110904800
2022-01-17,52.0,53.0,50.0,50.0,1439685000
2022-01-18,53.0,54.0,52.0,53.0,1464961600
2022-01-19,53.0,54.0,52.0,53.0,1409551800
2022-01-20,55.0,56.0,52.0,53.0,1432797300
2022-01-21,56.0,57.0,54.0,55.0,952358600
2022-01-24,54.0,57.0,53.0,56.0,1083636900
2022-01-25,53.0,55.0,52.0,54.0,1709113200
2022-01-26,53.0,55.0,52.0,53.0,1131653800
2022-01-27,53.0,55.0,52.0,52.0,1477719000
2022-01-28,54.0,55.0,52.0,53.0,1586313900
2022-01-31,54.0,56.0,53.0,54.0,1453656000
2022-02-02,53.0,55.0,52.0,54.0,1414693300
2022-02-03,53.0,54.0,51.0,53.0,1670079100
2022-02-04,53.0,54.0,52.0,53.0,1808646700
2022-02-07,52.0,54.0,51.0,53.0,1422922900
2022-02-08,51.0,53.0,51.0,52.0,1619864000
2022-02-09,52.0,53.0,51.0,52.0,1578573800
2022-02-10,52.0,53.0,51.0,52.0,1517497700
2022-02-11,52.0,53.0,51.0,52.0,2138161300
2022-02-14,52.0,53.0,51.0,52.0,1000251200
2022-02-15,52.0,53.0,51.0,53.0,1025037900
2022-02-16,52.0,53.0,51.0,52.0,1122079400
2022-02-17,55.0,60.0,51.0,52.0,2049476700
2022-02-18,54.0,57.0,53.0,56.0,1362582000
2022-02-21,52.0,55.0,51.0,54.0,1077189100
2022-02-22,51.0,53.0,51.0,52.0,955476300
2022-02-23,52.0,53.0,51.0,51.0,914014500
2022-02-24,51.0,53.0,50.0,53.0,1070732000
2022-02-25,51.0,52.0,50.0,51.0,1064099700
2022-03-01,50.0,52.0,50.0,51.0,942547900
2022-03-02,51.0,52.0,50.0,51.0,1120864600
2022-03-04,51.0,52.0,50.0,50.0,822677300
2022-03-07,51.0,52.0,50.0,52.0,1322044800
2022-03-08,50.0,52.0,50.0,51.0,1572800300
2022-03-09,50.0,51.0,50.0,51.0,956922000
2022-03-10,51.0,51.0,50.0,50.0,1155798800
2022-03-11,50.0,51.0,50.0,51.0,1713803000
2022-03-14,50.0,51.0,50.0,50.0,1109298000
2022-03-15,50.0,51.0,50.0,50.0,1153452600
2022-03-16,50.0,51.0,50.0,50.0,1290463300
2022-03-17,51.0,51.0,50.0,50.0,1419156800
2022-03-18,50.0,51.0,50.0,51.0,1174365600
2022-03-21,53.0,53.0,50.0,50.0,1524709600
2022-03-22,54.0,56.0,52.0,53.0,1225693100
2022-03-23,68.0,72.0,55.0,55.0,3042627600
2022-03-24,90.0,91.0,68.0,69.0,2925326600
2022-03-25,84.0,96.0,84.0,91.0,2558159500
2022-03-28,82.0,89.0,79.0,85.0,1470101500
2022-03-29,90.0,94.0,80.0,83.0,1634206400
2022-03-30,85.0,93.0,85.0,90.0,1112681400
2022-03-31,92.0,92.0,85.0,86.0,1231042700
2022-04-01,90.0,95.0,88.0,92.0,980716500
2022-04-04,107.0,108.0,90.0,91.0,2105927200
2022-04-05,103.0,113.0,100.0,109.0,1431649100
2022-04-06,110.0,114.0,101.0,104.0,1194951300
2022-04-07,110.0,115.0,107.0,111.0,832134200
2022-04-08,116.0,122.0,105.0,105.0,1146134900
2022-04-11,114.0,122.0,112.0,117.0,918170400
2022-04-12,113.0,117.0,107.0,115.0,713563100
2022-04-13,115.0,119.0,112.0,113.0,680412300
2022-04-14,110.0,118.0,108.0,116.0,677612900
2022-04-18,105.0,111.0,103.0,111.0,922688200
2022-04-19,101.0,113.0,99.0,106.0,906240400
2022-04-20,96.0,103.0,95.0,101.0,942285900
2022-04-21,92.0,99.0,91.0,97.0,956692500
2022-04-22,87.0,95.0,86.0,92.0,1587061700
2022-04-25,91.0,92.0,84.0,87.0,1011491700
2022-04-26,86.0,93.0,85.0,92.0,1220758900
2022-04-27,88.0,90.0,83.0,86.0,1110169300
2022-04-28,88.0,89.0,86.0,88.0,1033316000
2022-05-09,88.0,91.0,86.0,88.0,774980700
2022-05-10,83.0,89.0,82.0,87.0,855607700
2022-05-11,87.0,88.0,82.0,83.0,751414600
2022-05-12,81.0,88.0,81.0,88.0,926267900
2022-05-13,81.0,82.0,76.0,81.0,913596000
2022-05-17,85.0,87.0,81.0,81.0,905093000
2022-05-18,85.0,87.0,83.0,86.0,973990000
2022-05-19,82.0,85.0,81.0,85.0,893988200
2022-05-20,84.0,87.0,82.0,83.0,928955100
2022-05-23,90.0,91.0,84.0,84.0,1174188300
2022-05-24,88.0,95.0,88.0,92.0,1084082000
2022-05-25,88.0,90.0,86.0,89.0,828077000
2022-05-27,90.0,92.0,87.0,91.0,884702600
2022-05-30,100.0,100.0,90.0,91.0,1415801500
2022-05-31,105.0,108.0,101.0,101.0,1179633000
2022-06-02,102.0,106.0,101.0,101.0,1109228300
2022-06-03,106.0,115.0,101.0,103.0,1756290400
2022-06-06,109.0,112.0,104.0,106.0,1162489600
2022-06-07,109.0,112.0,107.0,110.0,1041856700
2022-06-08,119.0,121.0,109.0,110.0,1529867300
2022-06-09,118.0,126.0,116.0,120.0,1263308700
2022-06-10,114.0,119.0,113.0,118.0,944604400
2022-06-13,111.0,120.0,107.0,114.0,1160032600
2022-06-14,119.0,120.0,109.0,111.0,1062782100
2022-06-15,114.0,129.0,113.0,129.0,1247929000
2022-06-16,117.0,121.0,114.0,114.0,1058756200
2022-06-17,147.0,153.0,115.0,118.0,2569855100
2022-06-20,141.0,151.0,137.0,151.0,1066700700
2022-06-21,132.0,149.0,132.0,142.0,1456753500
2022-06-22,123.0,135.0,123.0,132.0,1211329800
2022-06-23,115.0,129.0,115.0,123.0,1340283100
2022-06-24,116.0,121.0,115.0,115.0,1224245900
2022-06-27,108.0,120.0,108.0,120.0,1770146400
2022-06-28,112.0,115.0,105.0,108.0,1199116200
2022-06-29,112.0,116.0,110.0,113.0,984873700
2022-06-30,115.0,116.0,111.0,112.0,890069400
2022-07-01,115.0,117.0,114.0,115.0,1054754500
2022-07-04,113.0,116.0,107.0,116.0,1041706800
2022-07-05,124.0,127.0,113.0,114.0,1458750100
2022-07-06,124.0,126.0,116.0,125.0,869694400
2022-07-07,130.0,132.0,123.0,124.0,1051892000
2022-07-08,132.0,136.0,128.0,134.0,942738000
2022-07-11,134.0,138.0,131.0,132.0,1050803800
2022-07-12,135.0,138.0,133.0,134.0,727225600
2022-07-13,137.0,143.0,134.0,135.0,1316112600
2022-07-14,141.0,143.0,136.0,137.0,965503400
2022-07-15,132.0,145.0,132.0,142.0,1261803700
2022-07-18,126.0,132.0,124.0,132.0,962386800
2022-07-19,143.0,146.0,126.0,126.0,1357466700
2022-07-20,140.0,147.0,137.0,146.0,1028761900
2022-07-21,152.0,153.0,139.0,141.0,1092734600
2022-07-22,184.0,197.0,152.0,154.0,2505755000
2022-07-25,186.0,195.0,179.0,185.0,1232334400
2022-07-26,190.0,202.0,186.0,187.0,1168860900
2022-07-27,195.0,202.0,190.0,191.0,1018349400
2022-07-28,184.0,198.0,182.0,196.0,975446700
2022-07-29,216.0,218.0,184.0,186.0,1557241200
2022-08-01,224.0,234.0,214.0,218.0,1616870700
2022-08-02,210.0,230.0,210.0,226.0,1194167900
2022-08-03,196.0,210.0,196.0,210.0,1141209000
2022-08-04,184.0,197.0,183.0,183.0,1145974600
2022-08-05,194.0,198.0,184.0,185.0,1103432400
2022-08-08,185.0,198.0,183.0,195.0,904104000
2022-08-09,186.0,191.0,184.0,185.0,911268400
2022-08-10,185.0,190.0,184.0,187.0,824427400
2022-08-11,193.0,197.0,185.0,186.0,1042443800
2022-08-12,189.0,204.0,189.0,194.0,1235094100
2022-08-15,188.0,194.0,184.0,190.0,836205900
2022-08-16,190.0,195.0,188.0,190.0,998868300
2022-08-18,188.0,193.0,187.0,191.0,767079600
2022-08-19,188.0,192.0,187.0,190.0,787506000
2022-08-22,184.0,191.0,182.0,188.0,972874900
2022-08-23,187.0,188.0,182.0,184.0,804781800
2022-08-24,189.0,193.0,187.0,188.0,952346200
2022-08-25,184.0,191.0,183.0,191.0,1014104100
2022-08-26,185.0,187.0,181.0,186.0,1093966000
2022-08-29,178.0,186.0,173.0,186.0,1010913800
2022-08-30,181.0,186.0,173.0,178.0,1090854800
2022-08-31,180.0,183.0,178.0,181.0,862083200
2022-09-01,179.0,182.0,178.0,181.0,843758000
2022-09-02,171.0,182.0,167.0,180.0,983940200
2022-09-05,169.0,176.0,164.0,170.0,1063034900
2022-09-06,182.0,187.0,169.0,170.0,1704280700
2022-09-07,175.0,191.0,175.0,185.0,1699197400
2022-09-08,178.0,183.0,174.0,174.0,1075673900
2022-09-09,178.0,182.0,177.0,178.0,769373200
2022-09-12,177.0,184.0,177.0,178.0,955269400
2022-09-13,173.0,181.0,171.0,179.0,926389300
2022-09-14,173.0,175.0,168.0,172.0,806829000
2022-09-15,173.0,177.0,172.0,173.0,864995000
2022-09-16,177.0,183.0,173.0,175.0,1178596300
2022-09-19,165.0,179.0,165.0,177.0,1248981300
2022-09-20,155.0,165.0,154.0,165.0,1465803400
2022-09-21,155.0,158.0,146.0,150.0,1235428100
2022-09-22,158.0,159.0,150.0,156.0,1094800700
2022-09-23,154.0,162.0,153.0,159.0,1086654300
2022-09-26,144.0,153.0,144.0,150.0,1175265800
2022-09-27,154.0,158.0,135.0,145.0,1385073400
2022-09-28,150.0,157.0,150.0,154.0,1129726000
2022-09-29,147.0,154.0,146.0,153.0,1084199100
2022-09-30,142.0,152.0,140.0,147.0,1241231600
2022-10-03,143.0,148.0,137.0,142.0,1271249500
2022-10-04,151.0,151.0,143.0,145.0,1187847000
2022-10-05,154.0,161.0,152.0,153.0,1311805300
2022-10-06,148.0,157.0,148.0,154.0,1192260100
2022-10-07,149.0,153.0,147.0,151.0,1053975600
2022-10-10,140.0,150.0,140.0,150.0,1240353100
2022-10-11,133.0,142.0,132.0,140.0,1250447400
2022-10-12,133.0,138.0,129.0,130.0,1200172200
2022-10-13,142.0,149.0,133.0,135.0,1331539600
2022-10-14,138.0,147.0,137.0,142.0,1163536400
2022-10-17,143.0,144.0,131.0,139.0,1224185000
2022-10-18,142.0,150.0,141.0,150.0,1128516700
2022-10-19,139.0,144.0,136.0,144.0,1054210200
2022-10-20,153.0,157.0,140.0,140.0,1027406000
2022-10-21,147.0,156.0,146.0,153.0,856306800
2022-10-24,153.0,159.0,147.0,147.0,833035800
2022-10-25,148.0,154.0,147.0,154.0,722639300
2022-10-26,145.0,150.0,141.0,149.0,770487200
2022-10-27,139.0,147.0,138.0,145.0,881093400
2022-10-28,135.0,142.0,133.0,142.0,995027200
2022-10-31,135.0,138.0,130.0,135.0,885810800
2022-11-01,133.0,137.0,132.0,134.0,1004834800
2022-11-02,132.0,137.0,131.0,135.0,887987700
2022-11-03,131.0,134.0,129.0,132.0,810614000
2022-11-04,133.0,135.0,130.0,131.0,991460200
2022-11-07,140.0,145.0,134.0,134.0,1206633900
2022-11-08,136.0,143.0,135.0,141.0,1061615800
2022-11-09,136.0,138.0,134.0,135.0,826980800
2022-11-10,137.0,137.0,132.0,136.0,1082235000
2022-11-11,145.0,149.0,140.0,140.0,1267300200
2022-11-14,143.0,152.0,140.0,146.0,893013000
2022-11-15,149.0,150.0,138.0,143.0,1051390800
2022-11-16,147.0,150.0,144.0,150.0,760396500
2022-11-17,145.0,150.0,144.0,148.0,840428900
2022-11-18,153.0,159.0,145.0,145.0,1327455000
2022-11-21,160.0,163.0,154.0,155.0,1356847100
2022-11-22,178.0,180.0,161.0,161.0,1388067700
2022-11-23,180.0,182.0,172.0,178.0,1080120700
2022-11-24,172.0,184.0,172.0,181.0,1096718500
2022-11-25,175.0,179.0,167.0,170.0,856929600
2022-11-28,174.0,178.0,168.0,175.0,752276800
2022-11-29,182.0,185.0,173.0,175.0,799384200
2022-11-30,186.0,187.0,178.0,183.0,2075750800
2022-12-01,182.0,188.0,181.0,186.0,724040900
2022-12-02,183.0,185.0,178.0,183.0,871952700
2022-12-05,181.0,186.0,181.0,184.0,744816800
2022-12-06,174.0,183.0,174.0,181.0,811420700
2022-12-07,177.0,178.0,169.0,174.0,732236600
2022-12-08,185.0,186.0,169.0,176.0,991499100
2022-12-09,187.0,192.0,180.0,185.0,1076268900
2022-12-12,192.0,194.0,187.0,188.0,969411100
2022-12-13,188.0,194.0,188.0,192.0,782856100
2022-12-14,183.0,190.0,182.0,188.0,873637800
2022-12-15,183.0,185.0,171.0,184.0,1089626800
2022-12-16,182.0,185.0,176.0,181.0,1064568900
2022-12-19,174.0,182.0,173.0,182.0,492125300
2022-12-20,163.0,177.0,162.0,173.0,560804800
2022-12-21,161.0,164.0,156.0,163.0,346405600
2022-12-22,162.0,165.0,159.0,159.0,62158800
2022-12-23,163.0,165.0,161.0,162.0,26801200
2022-12-26,165.0,166.0,162.0,163.0,65162300
2022-12-27,163.0,167.0,163.0,165.0,38093600
2022-12-28,163.0,165.0,160.0,165.0,54879100
2022-12-29,162.0,163.0,153.0,163.0,177239600
2022-12-30,158.0,164.0,158.0,161.0,54236500
2023-01-02,164.0,164.0,156.0,162.0,62896000
2023-01-03,164.0,168.0,164.0,164.0,170645700
2023-01-04,162.0,166.0,162.0,164.0,166351000
2023-01-05,151.0,162.0,151.0,162.0,412765200
2023-01-06,153.0,154.0,146.0,151.0,130847900
2023-01-09,153.0,155.0,151.0,153.0,240421700
2023-01-10,156.0,157.0,152.0,156.0,205067600
2023-01-11,158.0,159.0,155.0,157.0,273106100
2023-01-12,150.0,158.0,150.0,158.0,236527200
2023-01-13,153.0,155.0,149.0,150.0,257706400
2023-01-16,157.0,158.0,153.0,153.0,288617200
2023-01-17,152.0,158.0,149.0,158.0,358721800
2023-01-18,151.0,155.0,151.0,152.0,266733300
2023-01-19,148.0,152.0,147.0,150.0,254193100
2023-01-20,145.0,149.0,138.0,149.0,259496100
2023-01-24,148.0,149.0,144.0,145.0,287634100
2023-01-25,149.0,149.0,145.0,148.0,163940500
2023-01-26,154.0,158.0,147.0,149.0,521643600
2023-01-27,153.0,156.0,150.0,154.0,381423200
2023-01-30,152.0,155.0,152.0,154.0,306943200
2023-01-31,178.0,181.0,149.0,152.0,953127200
2023-02-01,174.0,183.0,174.0,178.0,449590500
2023-02-02,177.0,177.0,174.0,175.0,282246700
2023-02-03,167.0,179.0,165.0,178.0,502533200
2023-02-06,168.0,169.0,163.0,167.0,407501300
2023-02-07,179.0,180.0,168.0,168.0,515562900
2023-02-08,180.0,186.0,179.0,180.0,437138200
2023-02-09,169.0,184.0,168.0,180.0,510166200
2023-02-10,172.0,179.0,166.0,168.0,503098100
2023-02-13,171.0,177.0,169.0,176.0,372363700
2023-02-14,172.0,184.0,170.0,174.0,831219300
2023-02-15,170.0,176.0,170.0,174.0,584327200
2023-02-16,173.0,175.0,169.0,171.0,435726000
2023-02-17,163.0,181.0,161.0,181.0,694213200
2023-02-20,161.0,166.0,159.0,163.0,365193300
2023-02-21,155.0,162.0,152.0,161.0,534823000
2023-02-22,157.0,161.0,155.0,155.0,463294200
2023-02-23,153.0,159.0,151.0,158.0,462744400
2023-02-24,154.0,156.0,153.0,156.0,435740300
2023-02-27,151.0,157.0,151.0,156.0,633253000
2023-02-28,151.0,153.0,150.0,152.0,638235500
2023-03-01,151.0,154.0,151.0,152.0,439401200
2023-03-02,153.0,159.0,151.0,159.0,540028600
2023-03-03,153.0,154.0,151.0,153.0,458803300
2023-03-06,160.0,165.0,153.0,156.0,469535100
2023-03-07,162.0,164.0,159.0,162.0,448138300
2023-03-08,157.0,163.0,157.0,162.0,450433300
2023-03-09,156.0,160.0,156.0,158.0,515855400
2023-03-10,154.0,158.0,154.0,156.0,680990300
2023-03-13,162.0,163.0,150.0,154.0,217108200
2023-03-14,153.0,163.0,153.0,161.0,302644700
2023-03-15,152.0,159.0,151.0,153.0,257593500
2023-03-16,143.0,153.0,143.0,153.0,262514700
2023-03-17,146.0,147.0,143.0,147.0,254228000
2023-03-20,143.0,147.0,142.0,146.0,161832100
2023-03-21,140.0,146.0,140.0,144.0,267514600
2023-03-24,137.0,144.0,137.0,141.0,59100400
2023-03-27,132.0,140.0,132.0,140.0,62819500
2023-03-28,139.0,140.0,131.0,133.0,41895400
2023-03-29,148.0,148.0,139.0,140.0,58895900
2023-03-30,141.0,152.0,141.0,148.0,82526600
2023-03-31,150.0,150.0,139.0,142.0,43220300
2023-04-03,147.0,152.0,144.0,151.0,45394000
2023-04-04,164.0,169.0,146.0,150.0,473386800
2023-04-05,157.0,164.0,156.0,163.0,114293200
2023-04-06,151.0,160.0,150.0,159.0,53961500
2023-04-10,147.0,154.0,147.0,152.0,43548400
2023-04-11,148.0,151.0,147.0,151.0,30604300
2023-04-12,142.0,150.0,141.0,148.0,50192300
2023-04-13,141.0,144.0,141.0,144.0,12238900
2023-04-14,138.0,144.0,137.0,141.0,24536800
2023-04-17,138.0,142.0,135.0,142.0,22501200
2023-04-18,138.0,141.0,136.0,139.0,16875500
2023-04-26,150.0,150.0,138.0,142.0,42432400
2023-04-27,145.0,156.0,144.0,156.0,53458500
2023-04-28,147.0,151.0,145.0,146.0,46369400
2023-05-02,147.0,150.0,146.0,147.0,17673900
2023-05-03,145.0,150.0,144.0,150.0,40987900
2023-05-04,144.0,148.0,143.0,145.0,100493700
2023-05-05,145.0,148.0,141.0,145.0,107646700
2023-05-08,147.0,152.0,142.0,142.0,54300400
2023-05-09,147.0,148.0,146.0,148.0,39759700
2023-05-10,150.0,153.0,148.0,148.0,55465600
2023-05-11,147.0,150.0,145.0,150.0,90467400
2023-05-12,144.0,150.0,144.0,150.0,119727900
2023-05-15,142.0,148.0,141.0,145.0,80583400
2023-05-16,140.0,144.0,139.0,141.0,106644900
2023-05-17,141.0,143.0,139.0,142.0,105746000
2023-05-19,141.0,141.0,138.0,141.0,76530600
2023-05-22,143.0,148.0,142.0,146.0,203741500
2023-05-23,145.0,146.0,142.0,146.0,97069600
2023-05-24,145.0,146.0,143.0,146.0,120562500
2023-05-25,140.0,145.0,140.0,144.0,91045900
2023-05-26,141.0,142.0,139.0,141.0,138254600
2023-05-29,141.0,142.0,138.0,142.0,59936100
2023-05-30,143.0,145.0,139.0,145.0,107785900
2023-05-31,141.0,142.0,139.0,142.0,167235800
2023-06-05,141.0,145.0,139.0,142.0,96891300
2023-06-06,141.0,145.0,138.0,145.0,206161100
2023-06-07,137.0,141.0,137.0,141.0,206157000
2023-06-08,140.0,141.0,136.0,139.0,275000900
2023-06-09,141.0,145.0,139.0,140.0,259737100
2023-06-12,140.0,145.0,139.0,141.0,192521700
2023-06-13,139.0,141.0,137.0,140.0,226257800
2023-06-14,138.0,143.0,137.0,143.0,290256200
2023-06-15,136.0,143.0,134.0,143.0,261780600
2023-06-16,135.0,137.0,134.0,136.0,192391100
2023-06-19,135.0,137.0,132.0,137.0,203334200
2023-06-20,134.0,137.0,133.0,137.0,321680300
2023-06-21,133.0,136.0,132.0,136.0,271797200
2023-06-22,134.0,135.0,131.0,131.0,251047300
2023-06-23,134.0,137.0,132.0,136.0,206854400
2023-06-26,132.0,135.0,131.0,135.0,325360100
2023-06-27,132.0,134.0,130.0,132.0,258122100
2023-07-03,131.0,133.0,129.0,132.0,457776500
2023-07-04,130.0,131.0,129.0,130.0,343652500
2023-07-05,130.0,131.0,128.0,131.0,342519700
2023-07-06,127.0,131.0,126.0,130.0,374009100
2023-07-07,126.0,128.0,125.0,127.0,434158400
2023-07-10,125.0,127.0,121.0,127.0,436568100
2023-07-11,125.0,126.0,123.0,126.0,362211100
2023-07-12,121.0,125.0,120.0,124.0,381940200
2023-07-13,119.0,123.0,118.0,123.0,395957800
2023-07-14,119.0,120.0,116.0,119.0,277834700
2023-07-17,124.0,126.0,118.0,118.0,258932100
2023-07-18,123.0,127.0,122.0,124.0,252531600
2023-07-20,124.0,125.0,121.0,124.0,188289700
2023-07-21,125.0,127.0,123.0,125.0,323806000
2023-07-24,134.0,137.0,125.0,125.0,532598300
2023-07-25,130.0,138.0,130.0,138.0,420076400
2023-07-26,129.0,133.0,128.0,131.0,305445000
2023-07-27,131.0,131.0,127.0,128.0,346949100
2023-07-28,132.0,133.0,130.0,131.0,374224000
2023-07-31,130.0,136.0,128.0,132.0,395459000
2023-08-01,119.0,131.0,119.0,131.0,397176900
2023-08-02,119.0,122.0,116.0,119.0,105005500
2023-08-03,119.0,121.0,118.0,121.0,55365400
2023-08-04,120.0,120.0,116.0,120.0,79732000
2023-08-07,119.0,122.0,118.0,121.0,34152900
2023-08-08,117.0,122.0,116.0,122.0,125333900
2023-08-09,115.0,119.0,111.0,119.0,115988100
2023-08-10,117.0,120.0,113.0,116.0,47919500
2023-08-11,116.0,119.0,115.0,119.0,9750200
2023-08-14,116.0,117.0,112.0,116.0,74009200
2023-08-15,116.0,118.0,115.0,118.0,20764400
2023-08-16,116.0,117.0,113.0,116.0,38949600
2023-08-18,116.0,117.0,114.0,117.0,18093400
2023-08-21,117.0,119.0,114.0,118.0,57135600
2023-08-22,116.0,119.0,115.0,119.0,10384000
2023-08-23,114.0,117.0,114.0,117.0,23982800
2023-08-24,114.0,116.0,113.0,116.0,20613700
2023-08-25,108.0,115.0,101.0,115.0,243307600
2023-08-28,108.0,116.0,105.0,116.0,30452900
2023-08-29,106.0,109.0,104.0,109.0,44494600
2023-08-30,107.0,109.0,104.0,109.0,58094900
2023-08-31,102.0,110.0,102.0,109.0,60450200
2023-09-01,106.0,110.0,102.0,103.0,116430700
2023-09-04,111.0,112.0,107.0,107.0,59090000
2023-09-05,109.0,112.0,108.0,108.0,91375700
2023-09-06,110.0,112.0,109.0,109.0,88879400
2023-09-07,109.0,112.0,108.0,111.0,121556000
2023-09-08,107.0,111.0,103.0,110.0,175569100
2023-09-11,108.0,109.0,106.0,108.0,82959500
2023-09-12,106.0,110.0,104.0,109.0,122627100
2023-09-13,108.0,109.0,104.0,108.0,181190300
2023-09-14,105.0,111.0,105.0,111.0,103831800
2023-09-15,111.0,115.0,105.0,111.0,267631800
2023-09-18,112.0,122.0,110.0,112.0,318888400
2023-09-19,114.0,117.0,110.0,113.0,243978500
2023-09-20,114.0,119.0,114.0,117.0,90187900
2023-09-21,113.0,117.0,113.0,115.0,63432400
2023-09-22,111.0,114.0,111.0,113.0,148673500
2023-09-25,112.0,114.0,109.0,112.0,152989800
2023-09-26,114.0,116.0,112.0,112.0,141054200
2023-09-27,112.0,116.0,112.0,116.0,43134100
2023-09-29,112.0,115.0,111.0,113.0,197539800
2023-10-02,110.0,115.0,108.0,115.0,236794300
2023-10-03,109.0,111.0,107.0,111.0,93561000
2023-10-04,109.0,110.0,103.0,110.0,175008900
2023-10-05,109.0,112.0,107.0,111.0,96755000
2023-10-06,109.0,109.0,107.0,107.0,293075300
2023-10-09,115.0,118.0,107.0,109.0,296400700
2023-10-10,114.0,118.0,114.0,116.0,175270200
2023-10-11,112.0,115.0,112.0,115.0,110498600
2023-10-12,113.0,114.0,112.0,113.0,248080300
2023-10-13,111.0,115.0,109.0,115.0,201388500
2023-10-16,108.0,115.0,107.0,115.0,147496400
2023-10-17,110.0,111.0,107.0,111.0,147893600
2023-10-18,111.0,112.0,109.0,112.0,175632000
2023-10-19,112.0,113.0,109.0,112.0,308708100
2023-10-20,113.0,114.0,110.0,113.0,256270900
2023-10-23,112.0,114.0,109.0,109.0,231215900
2023-10-24,112.0,114.0,108.0,108.0,254786200
2023-10-25,112.0,114.0,109.0,109.0,232480300
2023-10-26,111.0,114.0,110.0,110.0,346132100
2023-10-27,113.0,113.0,109.0,109.0,388037100
2023-10-30,120.0,121.0,113.0,113.0,443726100
2023-10-31,115.0,121.0,113.0,121.0,355531200
2023-11-01,112.0,121.0,111.0,120.0,379851500
2023-11-02,113.0,114.0,110.0,113.0,534676100
2023-11-03,112.0,115.0,108.0,111.0,402092400
2023-11-06,111.0,113.0,109.0,110.0,325342900
2023-11-07,108.0,111.0,106.0,109.0,308326000
2023-11-08,108.0,109.0,105.0,109.0,431799800
2023-11-09,107.0,108.0,105.0,107.0,376302800
2023-11-10,107.0,108.0,105.0,106.0,608294700
2023-11-13,108.0,108.0,104.0,107.0,448195600
2023-11-14,108.0,111.0,107.0,108.0,372869100
2023-11-15,108.0,110.0,106.0,109.0,374276200
2023-11-16,108.0,109.0,106.0,109.0,317954600
2023-11-17,110.0,110.0,107.0,108.0,437585300
2023-11-20,112.0,113.0,108.0,108.0,350713200
2023-11-21,112.0,115.0,110.0,113.0,343786900
2023-11-22,109.0,114.0,108.0,114.0,398037100
2023-11-23,107.0,110.0,106.0,110.0,458845500
2023-11-24,107.0,108.0,106.0,108.0,411819400
2023-11-27,108.0,109.0,107.0,108.0,340470400
2023-11-28,113.0,116.0,108.0,109.0,527028200
2023-11-29,112.0,114.0,111.0,114.0,453506100
2023-11-30,113.0,115.0,112.0,114.0,492345100
2023-12-01,112.0,113.0,111.0,113.0,202570700
2023-12-04,112.0,114.0,110.0,112.0,402921900
2023-12-05,108.0,113.0,107.0,112.0,494277800
2023-12-06,106.0,109.0,105.0,109.0,541647800
2023-12-07,104.0,111.0,102.0,111.0,273274500
2023-12-08,104.0,106.0,101.0,105.0,582602200
2023-12-11,101.0,104.0,100.0,104.0,626310500
2023-12-12,101.0,102.0,100.0,102.0,335483800
2023-12-13,101.0,102.0,100.0,101.0,389459900
2023-12-14,101.0,103.0,100.0,101.0,600839300
2023-12-15,101.0,103.0,100.0,102.0,254458900
2023-12-18,101.0,102.0,99.0,101.0,174301900
2023-12-19,101.0,103.0,100.0,101.0,164816000
2023-12-20,100.0,101.0,99.0,100.0,204657700
2023-12-21,101.0,101.0,99.0,100.0,42578500
2023-12-22,101.0,102.0,100.0,101.0,224647100
2023-12-27,99.0,102.0,99.0,101.0,169972700
2023-12-28,101.0,102.0,98.0,100.0,310151800
2023-12-29,105.0,106.0,100.0,100.0,370641500
2024-01-02,104.0,107.0,102.0,106.0,300042500
2024-01-03,106.0,106.0,103.0,106.0,329397700
2024-01-04,104.0,107.0,104.0,106.0,223977500
2024-01-05,107.0,108.0,104.0,105.0,373596400
2024-01-08,102.0,109.0,101.0,108.0,223334400
2024-01-09,100.0,104.0,99.0,102.0,477798300
2024-01-10,100.0,102.0,100.0,101.0,223469900
2024-01-11,99.0,101.0,98.0,101.0,255631300
2024-01-12,96.0,100.0,92.0,99.0,217011300
2024-01-15,98.0,98.0,92.0,96.0,197137400
2024-01-16,98.0,98.0,96.0,98.0,150752600
2024-01-17,96.0,100.0,95.0,98.0,146510700
2024-01-18,96.0,97.0,93.0,97.0,160764500
2024-01-19,92.0,99.0,92.0,99.0,194893800
2024-01-22,93.0,94.0,90.0,93.0,146847200
2024-01-23,93.0,94.0,91.0,93.0,226860100
2024-01-24,93.0,94.0,90.0,93.0,203395900
2024-01-25,94.0,95.0,92.0,95.0,204422600
2024-01-26,93.0,96.0,92.0,94.0,262318700
2024-01-29,92.0,95.0,92.0,93.0,184247700
2024-01-30,92.0,94.0,91.0,92.0,234293700
2024-01-31,92.0,93.0,89.0,93.0,216586400
2024-02-01,87.0,92.0,84.0,92.0,337817400
2024-02-02,92.0,92.0,85.0,87.0,202954300
2024-02-05,93.0,94.0,90.0,92.0,224597700
2024-02-06,94.0,95.0,91.0,93.0,245193100
2024-02-07,95.0,97.0,93.0,94.0,348098100
2024-02-12,93.0,98.0,93.0,98.0,203547000
2024-02-13,93.0,94.0,92.0,93.0,282597000
2024-02-15,91.0,94.0,90.0,93.0,144167000
2024-02-16,92.0,92.0,85.0,91.0,206691100
2024-02-19,94.0,94.0,90.0,92.0,348894300
2024-02-20,94.0,96.0,92.0,92.0,278668700
2024-02-21,93.0,94.0,92.0,94.0,319805600
2024-02-22,95.0,97.0,92.0,92.0,448569800
2024-02-23,94.0,96.0,92.0,95.0,332862600
2024-02-26,93.0,95.0,92.0,94.0,312942300
2024-02-27,88.0,90.0,76.0,89.0,484725500
2024-02-28,80.0,85.0,70.0,85.0,192721600
2024-02-29,82.0,82.0,73.0,79.0,150361200
2024-03-01,82.0,82.0,82.0,82.0,0
2024-03-04,82.0,82.0,82.0,82.0,0
2024-03-05,82.0,82.0,82.0,82.0,0
2024-03-06,82.0,82.0,82.0,82.0,0
2024-03-07,82.0,82.0,82.0,82.0,0
2024-03-08,82.0,82.0,82.0,82.0,0
2024-03-13,82.0,82.0,82.0,82.0,0
2024-03-14,82.0,82.0,82.0,82.0,0
2024-03-15,82.0,82.0,82.0,82.0,0
2024-03-18,82.0,82.0,82.0,82.0,0
2024-03-19,82.0,82.0,82.0,82.0,0
2024-03-20,82.0,82.0,82.0,82.0,0
2024-03-21,82.0,82.0,82.0,82.0,0
2024-03-22,82.0,82.0,82.0,82.0,0
2024-03-25,82.0,82.0,82.0,82.0,0
2024-03-26,82.0,82.0,82.0,82.0,0
2024-03-27,82.0,82.0,82.0,82.0,0
2024-03-28,82.0,82.0,82.0,82.0,0
2024-04-01,76.0,89.0,59.0,81.0,46719500
2024-04-02,84.0,84.0,73.0,76.0,62073800
2024-04-03,83.0,87.0,83.0,85.0,160680800
2024-04-04,83.0,86.0,81.0,82.0,201009300
2024-04-05,81.0,84.0,80.0,83.0,230210800
2024-04-16,82.0,83.0,79.0,82.0,78733600
2024-04-17,85.0,87.0,80.0,84.0,195076700
2024-04-18,81.0,88.0,81.0,88.0,155167400
2024-04-19,80.0,82.0,80.0,81.0,76548800
2024-04-22,78.0,82.0,78.0,81.0,91914500
2024-04-23,81.0,85.0,78.0,78.0,60251600
2024-04-24,81.0,84.0,80.0,82.0,51499600
2024-04-25,80.0,82.0,77.0,82.0,121119300
2024-04-26,80.0,81.0,79.0,79.0,97822600
2024-04-29,87.0,87.0,79.0,80.0,194441800
2024-04-30,90.0,90.0,85.0,87.0,250249800
2024-05-02,84.0,92.0,84.0,92.0,453612600
2024-05-03,84.0,87.0,83.0,85.0,341997800
2024-05-06,84.0,86.0,83.0,84.0,473747200
2024-05-07,87.0,88.0,84.0,87.0,493878700
2024-05-08,83.0,89.0,82.0,88.0,210975700
2024-05-13,82.0,85.0,81.0,85.0,357841600
2024-05-14,82.0,84.0,81.0,82.0,294297200
2024-05-15,80.0,83.0,79.0,83.0,489892300
2024-05-16,80.0,82.0,79.0,81.0,339820500
2024-05-17,79.0,81.0,79.0,81.0,135193300
2024-05-20,81.0,82.0,78.0,80.0,189278100
2024-05-21,61.0,83.0,61.0,82.0,213509600
2024-05-22,79.0,81.0,61.0,63.0,363896200
2024-05-27,79.0,81.0,74.0,79.0,205117800
2024-05-28,79.0,81.0,77.0,80.0,185070000
2024-05-29,78.0,81.0,77.0,79.0,183063300
2024-05-30,79.0,80.0,77.0,77.0,434972300
2024-05-31,62.0,80.0,62.0,79.0,851461900
2024-06-03,69.0,70.0,60.0,70.0,732003200
2024-06-04,68.0,74.0,62.0,74.0,406458100
2024-06-05,68.0,68.0,63.0,68.0,280404800
2024-06-06,66.0,67.0,64.0,67.0,202676900
2024-06-07,66.0,66.0,63.0,65.0,79429100
2024-06-10,64.0,66.0,60.0,66.0,81726400
2024-06-11,66.0,66.0,62.0,65.0,78271500
2024-06-12,64.0,68.0,63.0,63.0,94101500
2024-06-13,65.0,65.0,63.0,63.0,90235700
2024-06-14,65.0,66.0,63.0,65.0,102134100
2024-06-19,67.0,67.0,64.0,65.0,122993600
2024-06-20,66.0,69.0,66.0,67.0,151345100
2024-06-21,65.0,67.0,65.0,67.0,75418800
2024-06-24,67.0,68.0,64.0,66.0,177224300
2024-06-25,67.0,69.0,67.0,69.0,432605000
2024-06-26,66.0,68.0,66.0,67.0,179976800
2024-06-27,65.0,68.0,65.0,67.0,235149400
2024-06-28,64.0,67.0,64.0,65.0,103864800
2024-07-01,62.0,65.0,62.0,65.0,93818800
2024-07-02,61.0,63.0,61.0,62.0,323338600
2024-07-03,61.0,63.0,60.0,61.0,397234900
2024-07-04,60.0,62.0,60.0,62.0,205564900
2024-07-05,62.0,62.0,60.0,61.0,210403800
2024-07-08,60.0,63.0,60.0,62.0,201778700
2024-07-09,60.0,62.0,60.0,60.0,335774500
2024-07-10,59.0,62.0,59.0,60.0,280272300
2024-07-11,60.0,61.0,59.0,60.0,215349200
2024-07-12,61.0,62.0,60.0,61.0,277039100
2024-07-15,63.0,64.0,61.0,62.0,377229000
2024-07-16,64.0,66.0,63.0,64.0,363065200
2024-07-17,63.0,65.0,62.0,65.0,297613500
2024-07-18,63.0,64.0,62.0,64.0,194353700
2024-07-19,63.0,64.0,62.0,64.0,363394900
2024-07-22,64.0,65.0,63.0,64.0,353011600
2024-07-23,64.0,65.0,63.0,64.0,238489800
2024-07-24,61.0,64.0,61.0,64.0,443156800
2024-07-25,61.0,62.0,60.0,61.0,169942100
2024-07-26,60.0,62.0,60.0,61.0,247738900
2024-07-29,63.0,64.0,60.0,60.0,534566500
2024-07-30,59.0,64.0,59.0,64.0,629061500
2024-07-31,61.0,61.0,59.0,60.0,555588600
2024-08-01,61.0,62.0,60.0,60.0,521955600
2024-08-02,60.0,62.0,59.0,61.0,656986400
2024-08-05,59.0,61.0,58.0,60.0,553985600
2024-08-06,60.0,60.0,58.0,59.0,578245300
2024-08-07,61.0,61.0,59.0,60.0,587043800
2024-08-08,62.0,63.0,60.0,60.0,650810600
2024-08-09,70.0,70.0,62.0,62.0,655613300
2024-08-12,71.0,75.0,67.0,75.0,785433100
2024-08-13,76.0,80.0,69.0,72.0,649775100
2024-08-14,78.0,81.0,67.0,67.0,456940900
2024-08-15,75.0,80.0,74.0,79.0,384313400
2024-08-16,75.0,79.0,75.0,75.0,295680800
2024-08-19,74.0,77.0,71.0,77.0,337347200
2024-08-20,72.0,77.0,72.0,77.0,248665300
2024-08-21,71.0,73.0,71.0,72.0,247010300
2024-08-22,68.0,72.0,68.0,71.0,232521600
2024-08-23,71.0,71.0,68.0,70.0,364419900
2024-08-26,69.0,72.0,68.0,72.0,385709800
2024-08-27,67.0,70.0,66.0,70.0,361293600
2024-08-28,63.0,68.0,63.0,67.0,414867700
2024-08-29,62.0,65.0,60.0,63.0,221083700
2024-08-30,62.0,64.0,61.0,63.0,384415200
2024-09-02,62.0,62.0,62.0,62.0,0
2024-09-03,62.0,62.0,62.0,62.0,0
2024-09-04,62.0,62.0,62.0,62.0,0
2024-09-05,62.0,62.0,62.0,62.0,0
2024-09-06,62.0,62.0,62.0,62.0,0
2024-09-09,62.0,62.0,62.0,62.0,0
2024-09-10,62.0,62.0,62.0,62.0,0
2024-09-11,62.0,62.0,62.0,62.0,0
2024-09-12,62.0,62.0,62.0,62.0,0
2024-09-13,62.0,62.0,62.0,62.0,0
2024-09-17,62.0,62.0,62.0,62.0,0
2024-09-18,62.0,62.0,62.0,62.0,0
2024-09-19,62.0,62.0,62.0,62.0,0
2024-09-20,62.0,62.0,62.0,62.0,0
2024-09-23,62.0,62.0,62.0,62.0,0
2024-09-24,62.0,62.0,62.0,62.0,0
2024-09-25,62.0,62.0,62.0,62.0,0
2024-09-26,62.0,62.0,62.0,62.0,0
2024-09-27,62.0,62.0,62.0,62.0,0
2024-09-30,62.0,62.0,62.0,62.0,0
2024-10-01,70.0,72.0,62.0,62.0,223395700
2024-10-02,64.0,72.0,64.0,72.0,267163700
2024-10-03,65.0,68.0,64.0,64.0,75443800
2024-10-04,66.0,67.0,64.0,66.0,108581900
2024-10-07,65.0,67.0,65.0,67.0,22131800
2024-10-08,65.0,67.0,64.0,66.0,58810900
2024-10-09,66.0,67.0,65.0,65.0,278926000
2024-10-10,65.0,67.0,65.0,65.0,9621600
2024-10-11,64.0,67.0,63.0,66.0,33268400
2024-10-14,66.0,67.0,64.0,64.0,233123300
2024-10-15,68.0,69.0,66.0,66.0,316480400
2024-10-16,67.0,69.0,66.0,68.0,151526900
2024-10-17,68.0,69.0,66.0,68.0,179826700
2024-10-18,67.0,69.0,66.0,68.0,194787700
2024-10-21,69.0,70.0,66.0,68.0,289050100
2024-10-22,71.0,72.0,68.0,69.0,308496500
2024-10-23,90.0,93.0,71.0,71.0,1041968700
2024-10-24,83.0,91.0,82.0,91.0,315450000
2024-10-25,80.0,88.0,80.0,83.0,159837700
2024-10-28,84.0,86.0,77.0,81.0,373301600
2024-10-29,79.0,86.0,77.0,85.0,313140000
2024-10-30,78.0,82.0,77.0,79.0,159629700
2024-10-31,76.0,79.0,73.0,78.0,150939800
2024-11-01,72.0,76.0,71.0,76.0,154711700
2024-11-04,70.0,74.0,68.0,72.0,220951500
2024-11-05,74.0,75.0,69.0,70.0,382623800
2024-11-06,72.0,75.0,72.0,75.0,206235000
2024-11-07,69.0,73.0,67.0,71.0,221651000
2024-11-08,70.0,72.0,68.0,70.0,112923800
2024-11-11,70.0,72.0,69.0,70.0,119893000
2024-11-12,77.0,79.0,70.0,71.0,319587500
2024-11-13,73.0,78.0,71.0,78.0,230854000
2024-11-14,71.0,74.0,71.0,73.0,137532200
2024-11-15,71.0,73.0,70.0,71.0,88081800
2024-11-18,70.0,72.0,69.0,71.0,166459500
2024-11-19,71.0,74.0,70.0,70.0,209634700
2024-11-20,75.0,76.0,71.0,71.0,231463100
2024-11-21,72.0,76.0,72.0,75.0,112771100
2024-11-22,72.0,74.0,71.0,72.0,124133000
2024-11-25,71.0,75.0,70.0,73.0,134036100
2024-11-26,66.0,72.0,65.0,72.0,75367400
2024-11-28,74.0,75.0,66.0,67.0,395890700
2024-11-29,78.0,79.0,72.0,73.0,455967100
2024-12-02,84.0,87.0,77.0,87.0,462528500
2024-12-03,87.0,88.0,82.0,84.0,393123500
2024-12-04,91.0,91.0,85.0,87.0,273362100
2024-12-05,90.0,95.0,89.0,91.0,363415900
2024-12-06,88.0,91.0,84.0,91.0,320963400
2024-12-09,91.0,93.0,87.0,88.0,319036200
2024-12-10,91.0,93.0,89.0,92.0,206883800
2024-12-11,91.0,93.0,89.0,91.0,204769400
2024-12-12,92.0,93.0,90.0,92.0,269735300
2024-12-13,93.0,96.0,91.0,93.0,310731400
2024-12-16,88.0,94.0,87.0,94.0,268841500
2024-12-17,89.0,90.0,87.0,88.0,243593800
2024-12-18,90.0,92.0,89.0,90.0,175033600
2024-12-19,87.0,90.0,82.0,90.0,149068900
2024-12-20,88.0,90.0,85.0,87.0,174881000
2024-12-23,88.0,91.0,88.0,88.0,143579900
2024-12-24,88.0,89.0,87.0,88.0,94887600
2024-12-27,90.0,91.0,88.0,88.0,60620400
2024-12-30,87.0,90.0,87.0,90.0,213184100
2025-01-02,86.0,88.0,84.0,87.0,153527200
2025-01-03,84.0,87.0,84.0,87.0,36732500
2025-01-06,86.0,88.0,83.0,84.0,99285200
2025-01-07,85.0,87.0,85.0,86.0,292263100
2025-01-08,86.0,89.0,85.0,86.0,82591800
2025-01-09,83.0,86.0,82.0,86.0,24411200
2025-01-10,84.0,85.0,82.0,83.0,70194400
2025-01-13,84.0,87.0,83.0,84.0,109262400
2025-01-14,84.0,86.0,83.0,84.0,167841900
2025-01-15,86.0,86.0,84.0,85.0,78020100
2025-01-16,89.0,91.0,86.0,87.0,204655200
2025-01-17,88.0,90.0,88.0,89.0,199103000
2025-01-20,89.0,91.0,88.0,88.0,246513200
2025-01-21,84.0,91.0,83.0,91.0,192517400
2025-01-22,85.0,88.0,84.0,84.0,190238600
2025-01-23,87.0,88.0,86.0,86.0,163424800
2025-01-24,86.0,89.0,85.0,87.0,186408500
2025-01-30,87.0,88.0,85.0,86.0,303880200
2025-01-31,91.0,93.0,87.0,87.0,247895000
2025-02-03,90.0,92.0,87.0,92.0,289366200
2025-02-04,91.0,93.0,90.0,90.0,341433800
2025-02-05,89.0,93.0,89.0,92.0,192997500
2025-02-06,88.0,90.0,86.0,88.0,132549900
2025-02-07,84.0,88.0,82.0,88.0,74810600
2025-02-10,79.0,85.0,79.0,85.0,49199300
2025-02-11,82.0,82.0,76.0,79.0,66393600
2025-02-12,78.0,84.0,78.0,82.0,44690200
2025-02-13,80.0,80.0,75.0,79.0,92527800
2025-02-14,80.0,81.0,76.0,80.0,112955300
2025-02-17,82.0,83.0,78.0,81.0,118827000
2025-02-18,83.0,85.0,82.0,83.0,88883600
2025-02-19,84.0,85.0,82.0,83.0,217735100
2025-02-20,82.0,87.0,81.0,84.0,220221300
2025-02-21,81.0,85.0,81.0,83.0,138205900
2025-02-24,80.0,83.0,80.0,81.0,92272700
2025-02-25,78.0,82.0,77.0,81.0,20540000
2025-02-26,80.0,81.0,77.0,79.0,351706500
2025-02-27,80.0,83.0,78.0,80.0,63488700
2025-02-28,77.0,81.0,76.0,81.0,29162300
2025-03-03,80.0,80.0,77.0,77.0,100517700
2025-03-04,79.0,83.0,78.0,80.0,129600500
2025-03-05,81.0,82.0,78.0,79.0,269137300
2025-03-06,81.0,84.0,80.0,81.0,263984100
2025-03-07,80.0,83.0,79.0,82.0,146702600
2025-03-10,77.0,83.0,77.0,80.0,396609500
2025-03-11,77.0,79.0,75.0,76.0,107586500
2025-03-12,80.0,80.0,76.0,77.0,164357400
2025-03-13,79.0,81.0,78.0,80.0,61613800
2025-03-14,80.0,81.0,77.0,79.0,221472800
2025-03-17,79.0,81.0,77.0,79.0,132692700
2025-03-18,80.0,80.0,75.0,79.0,64127500
2025-03-19,79.0,81.0,77.0,80.0,97782800
2025-03-20,80.0,82.0,78.0,80.0,312080000
2025-03-21,79.0,80.0,76.0,80.0,100998400
2025-03-24,78.0,79.0,71.0,79.0,119345700
2025-03-25,80.0,80.0,77.0,77.0,281409300
2025-03-26,80.0,81.0,78.0,80.0,115425600
2025-03-27,78.0,80.0,76.0,79.0,200393000
2025-04-08,78.0,78.0,68.0,70.0,128280100
2025-04-09,73.0,78.0,73.0,76.0,378498000
2025-04-10,78.0,79.0,74.0,74.0,232861700
2025-04-11,79.0,79.0,73.0,77.0,94130300
2025-04-14,78.0,79.0,75.0,78.0,277904700
2025-04-15,79.0,79.0,76.0,78.0,116513000
2025-04-16,80.0,80.0,76.0,79.0,281220300
2025-04-17,79.0,80.0,77.0,79.0,184249000
2025-04-21,78.0,79.0,76.0,79.0,78313400
2025-04-22,80.0,80.0,76.0,78.0,68035000
2025-04-23,80.0,81.0,79.0,80.0,186197400
2025-04-24,82.0,83.0,79.0,80.0,233844800
2025-04-25,81.0,83.0,80.0,82.0,196060800
2025-04-28,79.0,82.0,78.0,81.0,139718300
2025-04-29,85.0,88.0,79.0,80.0,531950300
2025-04-30,85.0,88.0,84.0,85.0,186118100
2025-05-02,82.0,86.0,82.0,85.0,221297100
2025-05-05,82.0,86.0,81.0,82.0,217428700
2025-05-06,82.0,83.0,81.0,83.0,190203200
2025-05-07,83.0,84.0,82.0,82.0,184168400
2025-05-08,83.0,85.0,81.0,83.0,206749600
2025-05-09,80.0,83.0,80.0,83.0,207793000
2025-05-14,79.0,84.0,79.0,80.0,261460600
2025-05-15,81.0,81.0,79.0,79.0,9234800
2025-05-16,80.0,82.0,79.0,81.0,317028500
2025-05-19,85.0,85.0,80.0,81.0,317902500
2025-05-20,82.0,86.0,81.0,85.0,195492600
2025-05-21,81.0,82.0,79.0,82.0,24340700
2025-05-22,80.0,81.0,78.0,81.0,118530800
2025-05-23,79.0,81.0,79.0,80.0,7675000
2025-05-26,78.0,80.0,78.0,79.0,13725800
2025-05-27,79.0,81.0,77.0,78.0,51075100
2025-05-28,79.0,80.0,78.0,79.0,5871400
2025-06-02,77.0,80.0,76.0,79.0,143429500
2025-06-03,77.0,77.0,75.0,76.0,54689000
2025-06-04,80.0,80.0,75.0,77.0,75159700
2025-06-05,80.0,80.0,77.0,80.0,18572600
2025-06-10,81.0,82.0,78.0,79.0,176505300
2025-06-11,81.0,82.0,79.0,81.0,159895400
2025-06-12,83.0,86.0,81.0,81.0,81337800
2025-06-13,80.0,84.0,80.0,83.0,25576700
2025-06-16,79.0,84.0,79.0,80.0,34053000
2025-06-17,80.0,81.0,78.0,80.0,258625100
2025-06-18,80.0,81.0,79.0,81.0,11110000
2025-06-19,79.0,80.0,77.0,80.0,43299300
2025-06-20,78.0,79.0,76.0,79.0,81139900
2025-06-23,76.0,78.0,76.0,77.0,19259000
2025-06-24,80.0,80.0,74.0,76.0,33564800
2025-06-25,75.0,79.0,73.0,79.0,84691000
2025-06-26,79.0,80.0,73.0,75.0,225006900
2025-06-30,77.0,79.0,77.0,79.0,28117500
2025-07-01,80.0,80.0,77.0,78.0,366640400
2025-07-02,79.0,80.0,78.0,80.0,9495000
2025-07-03,79.0,79.0,77.0,79.0,7527000
2025-07-04,78.0,79.0,77.0,78.0,36395100
2025-07-07,79.0,80.0,77.0,77.0,237635200
2025-07-08,78.0,79.0,78.0,79.0,6009600
2025-07-09,78.0,80.0,78.0,78.0,5606200
2025-07-10,81.0,84.0,78.0,78.0,534441300
2025-07-11,81.0,83.0,80.0,81.0,321870800
2025-07-14,81.0,82.0,80.0,82.0,30445500
2025-07-15,80.0,81.0,78.0,80.0,264917700
2025-07-16,84.0,85.0,79.0,80.0,426051800
2025-07-17,82.0,84.0,81.0,84.0,429331100
2025-07-18,82.0,83.0,81.0,82.0,276180100
2025-07-21,83.0,84.0,81.0,82.0,97924400
2025-07-22,90.0,94.0,82.0,84.0,992461400
2025-07-23,86.0,92.0,86.0,91.0,243211000
2025-07-24,88.0,90.0,85.0,87.0,285431900
2025-07-25,88.0,90.0,86.0,88.0,140806100
2025-07-28,91.0,92.0,86.0,89.0,477040200
2025-07-29,91.0,93.0,88.0,91.0,260756100
2025-07-30,90.0,92.0,88.0,91.0,121385900
2025-07-31,94.0,100.0,89.0,91.0,839254600
2025-08-01,88.0,95.0,88.0,94.0,336278700
2025-08-04,87.0,90.0,84.0,88.0,643297900
2025-08-05,89.0,90.0,86.0,87.0,126780100
2025-08-06,90.0,93.0,88.0,89.0,405031300
2025-08-07,91.0,94.0,89.0,90.0,574197900
2025-08-08,94.0,96.0,90.0,92.0,609224000
2025-08-11,89.0,95.0,88.0,95.0,135215600
2025-08-12,89.0,90.0,88.0,90.0,82449400
2025-08-13,90.0,94.0,88.0,90.0,447526700
2025-08-14,88.0,91.0,88.0,90.0,141556100
2025-08-15,87.0,89.0,86.0,88.0,96500800
2025-08-19,88.0,90.0,86.0,87.0,221013700
2025-08-20,87.0,90.0,87.0,90.0,310858200
2025-08-21,86.0,89.0,86.0,88.0,305391200
2025-08-22,87.0,89.0,86.0,86.0,237321300
2025-08-25,87.0,88.0,86.0,87.0,104743400
2025-08-26,89.0,91.0,86.0,87.0,452818900
2025-08-27,89.0,91.0,87.0,90.0,362374600
2025-08-28,88.0,91.0,87.0,90.0,88246900
2025-08-29,85.0,88.0,83.0,88.0,45084700
2025-09-01,83.0,85.0,77.0,82.0,181592100
2025-09-02,83.0,87.0,82.0,83.0,121181100
2025-09-03,81.0,85.0,81.0,84.0,121671900
2025-09-04,81.0,82.0,80.0,82.0,55088600
2025-09-08,79.0,81.0,79.0,81.0,275737900
2025-09-09,78.0,80.0,75.0,79.0,402339700
2025-09-10,81.0,81.0,76.0,78.0,148398900
2025-09-11,78.0,81.0,76.0,81.0,156025500
2025-09-12,80.0,80.0,76.0,78.0,357347500
2025-09-15,80.0,82.0,78.0,80.0,69650100
2025-09-16,84.0,87.0,81.0,81.0,432375800
2025-09-17,81.0,85.0,81.0,85.0,112096300
2025-09-18,85.0,85.0,79.0,82.0,628064700
2025-09-19,83.0,88.0,83.0,85.0,184264700
2025-09-22,83.0,86.0,81.0,84.0,301094000
2025-09-23,84.0,85.0,81.0,83.0,130875700
2025-09-24,82.0,85.0,82.0,84.0,511961800
2025-09-25,84.0,85.0,81.0,83.0,222668700
2025-09-26,84.0,84.0,82.0,84.0,314737200
2025-09-29,84.0,86.0,83.0,84.0,104802500
2025-09-30,102.0,109.0,83.0,83.0,3340444000
2025-10-01,99.0,110.0,97.0,106.0,884376900
2025-10-02,101.0,105.0,97.0,103.0,677735200
2025-10-03,100.0,102.0,98.0,102.0,260022900
2025-10-06,98.0,103.0,97.0,100.0,712295700
2025-10-07,95.0,102.0,93.0,99.0,483264000
2025-10-08,98.0,101.0,96.0,98.0,260829600
2025-10-09,97.0,100.0,96.0,99.0,210461100
2025-10-10,102.0,108.0,96.0,98.0,1184228200
2025-10-13,100.0,105.0,97.0,100.0,397088500
2025-10-14,97.0,103.0,96.0,100.0,243609900
2025-10-15,97.0,100.0,94.0,99.0,241043700
2025-10-16,96.0,102.0,95.0,97.0,472431400
2025-10-17,87.0,98.0,86.0,97.0,293474700
2025-10-20,88.0,92.0,88.0,88.0,189526700
2025-10-21,89.0,91.0,88.0,89.0,136350100
2025-10-22,88.0,91.0,86.0,89.0,342386800
2025-10-23,89.0,91.0,88.0,89.0,274536900
2025-10-24,87.0,89.0,86.0,89.0,75462500
2025-10-27,84.0,88.0,80.0,87.0,1003522100
2025-10-28,83.0,86.0,82.0,84.0,929427800
2025-10-29,82.0,84.0,81.0,84.0,427884200
2025-10-30,81.0,84.0,81.0,82.0,226884200
2025-10-31,81.0,82.0,79.0,82.0,478927900
2025-11-03,81.0,88.0,79.0,82.0,758535700
2025-11-04,81.0,82.0,80.0,81.0,295137000
2025-11-05,80.0,81.0,79.0,81.0,277597900
2025-11-06,80.0,81.0,79.0,80.0,231650300
2025-11-07,80.0,81.0,79.0,80.0,320984300
2025-11-10,80.0,81.0,79.0,81.0,94005400
2025-11-11,83.0,86.0,79.0,81.0,610201600
2025-11-12,82.0,84.0,81.0,83.0,486424600
2025-11-13,84.0,86.0,80.0,82.0,568971200
2025-11-14,84.0,85.0,83.0,84.0,185226900
2025-11-17,85.0,86.0,84.0,85.0,285654200
2025-11-18,83.0,86.0,82.0,85.0,186766100
2025-11-19,81.0,83.0,81.0,83.0,71662000
2025-11-20,82.0,83.0,81.0,81.0,205174000
2025-11-21,91.0,98.0,81.0,82.0,2400827900
2025-11-24,92.0,95.0,88.0,92.0,750763200
2025-11-25,90.0,95.0,88.0,90.0,628451400
2025-11-26,91.0,92.0,88.0,90.0,249399400
2025-11-27,96.0,100.0,91.0,93.0,1094526700
2025-11-28,94.0,99.0,93.0,97.0,324916900
2025-12-01,92.0,95.0,91.0,94.0,190302600
2025-12-02,92.0,94.0,91.0,92.0,115328200
2025-12-03,90.0,94.0,90.0,93.0,130565800
2025-12-04,91.0,93.0,89.0,90.0,152071400
2025-12-05,91.0,93.0,90.0,91.0,140078700
2025-12-08,90.0,92.0,89.0,91.0,259874000
2025-12-09,90.0,91.0,89.0,91.0,155160100
2025-12-10,88.0,91.0,87.0,91.0,386997900
2025-12-11,86.0,89.0,86.0,89.0,230848600
2025-12-12,89.0,91.0,85.0,86.0,207597100
2025-12-15,87.0,90.0,86.0,89.0,273545900
2025-12-16,88.0,90.0,87.0,88.0,107428000
2025-12-17,92.0,97.0,88.0,89.0,641068700
2025-12-18,89.0,93.0,89.0,92.0,280074100
2025-12-19,87.0,90.0,87.0,90.0,208760700
2025-12-22,87.0,88.0,86.0,88.0,180608400
2025-12-23,86.0,87.0,85.0,87.0,86111800
2025-12-24,85.0,86.0,83.0,86.0,121889800
2025-12-29,88.0,88.0,83.0,84.0,79786500
2025-12-30,86.0,89.0,86.0,89.0,48323600
2026-01-02,92.0,94.0,86.0,86.0,286715500
2026-01-05,124.0,124.0,92.0,93.0,2833196900
2026-01-06,167.0,167.0,131.0,136.0,3768939700
2026-01-07,180.0,198.0,147.0,160.0,5244314500
2026-01-08,180.0,180.0,180.0,180.0,0
2026-01-09,202.0,228.0,190.0,195.0,3512355200
2026-01-12,202.0,202.0,202.0,202.0,0
2026-01-13,202.0,202.0,202.0,202.0,0
2026-01-14,202.0,202.0,202.0,202.0,0
2026-01-15,202.0,202.0,202.0,202.0,0
2026-01-19,202.0,202.0,202.0,202.0,0
2026-01-20,202.0,202.0,202.0,202.0,0
2026-01-21,202.0,202.0,202.0,202.0,0
2026-01-22,222.0,222.0,222.0,222.0,972129100
2026-01-23,230.0,230.0,200.0,200.0,1169142100
2026-01-26,210.0,240.0,210.0,240.0,344075600
2026-01-27,220.0,220.0,210.0,210.0,275081800
2026-01-28,198.0,198.0,198.0,198.0,59668400
2026-01-29,179.0,179.0,179.0,179.0,61080500
2026-01-30,196.0,196.0,196.0,196.0,383314900
2026-02-02,167.0,190.0,167.0,190.0,240736100
2026-02-03,160.0,170.0,142.0,142.0,5863700700
2026-02-04,136.0,157.0,136.0,152.0,3073371500
2026-02-05,141.0,151.0,126.0,127.0,3155579900
2026-02-06,124.0,138.0,121.0,130.0,1143370000
2026-02-09,131.0,133.0,117.0,129.0,866479700
2026-02-10,152.0,152.0,130.0,131.0,1300458000
2026-02-11,171.0,188.0,152.0,155.0,3969073700
2026-02-12,169.0,179.0,165.0,172.0,998927600
2026-02-13,168.0,177.0,162.0,167.0,1339557900
2026-02-18,226.0,226.0,166.0,169.0,3502364200
2026-02-19,244.0,244.0,214.0,236.0,4589940400
2026-02-20,228.0,252.0,228.0,234.0,2794591500
2026-02-23,274.0,278.0,232.0,232.0,4336428100
2026-02-24,270.0,296.0,258.0,278.0,4654768100
2026-02-25,318.0,332.0,268.0,280.0,6979053900
2026-02-26,310.0,342.0,290.0,320.0,5112264400
2026-02-27,294.0,306.0,278.0,302.0,1747328700
2026-03-02,270.0,304.0,270.0,282.0,2158918300
2026-03-03,286.0,298.0,274.0,280.0,2458091200
2026-03-04,260.0,286.0,250.0,286.0,2440856100
2026-03-05,272.0,306.0,266.0,278.0,4589161200
2026-03-06,268.0,282.0,260.0,266.0,2023234500
2026-03-09,244.0,264.0,230.0,246.0,2486880600
2026-03-10,244.0,262.0,238.0,260.0,1880773300
2026-03-11,234.0,246.0,224.0,246.0,1049811800
2026-03-12,216.0,240.0,214.0,236.0,1204777200
2026-03-13,208.0,224.0,202.0,214.0,1266874600
2026-03-16,195.0,212.0,193.0,208.0,1254103900
2026-03-17,195.0,212.0,194.0,200.0,1103611400
2026-03-25,214.0,216.0,189.0,195.0,1157699400
2026-03-26,199.0,216.0,198.0,214.0,622190500
2026-03-27,200.0,204.0,195.0,199.0,331042900
2026-03-30,193.0,197.0,184.0,193.0,1027027000
2026-03-31,180.0,198.0,180.0,195.0,971228300
2026-04-01,214.0,214.0,185.0,186.0,1653491600
2026-04-02,196.0,208.0,195.0,202.0,968104200
2026-04-06,220.0,224.0,191.0,195.0,1529149600
2026-04-07,210.0,224.0,206.0,218.0,912495700
2026-04-08,238.0,244.0,220.0,238.0,1899094600
2026-04-09,250.0,256.0,228.0,234.0,1655962900
2026-04-10,252.0,264.0,248.0,252.0,1477581300
2026-04-13,260.0,264.0,240.0,244.0,1304714300
2026-04-14,276.0,282.0,260.0,268.0,1758029800
2026-04-15,278.0,282.0,268.0,282.0,1065024700
2026-04-16,290.0,304.0,280.0,282.0,2228585600
2026-04-17,278.0,294.0,276.0,292.0,686395400
2026-04-20,270.0,284.0,264.0,274.0,685389800
2026-04-21,286.0,288.0,266.0,272.0,772417900
2026-04-22,294.0,296.0,278.0,286.0,659482600
