Tanggal;Terakhir;Pembukaan;Tertinggi;Terendah;Volume;Perubahan
23/04/2026;288;290;302;282;1,53B;-2,04%
22/04/2026;294;286;296;278;659,48M;2,80%
21/04/2026;286;272;288;266;772,42M;5,93%
20/04/2026;270;274;284;264;685,39M;-2,88%
17/04/2026;278;292;294;276;686,40M;-4,14%
16/04/2026;290;282;304;280;2,23B;4,32%
15/04/2026;278;282;282;268;1,07B;0,72%
14/04/2026;276;268;282;260;1,76B;6,15%
13/04/2026;260;244;264;240;1,30B;3,17%
10/04/2026;252;252;264;248;1,48B;0,80%
09/04/2026;250;234;256;228;1,66B;5,04%
08/04/2026;238;238;244;220;1,90B;13,33%
07/04/2026;210;218;224;206;912,50M;-4,55%
06/04/2026;220;195;224;191;1,53B;12,24%
02/04/2026;196;202;208;195;968,10M;-8,41%
01/04/2026;214;186;214;185;1,65B;18,89%
31/03/2026;180;195;198;180;971,23M;-6,74%
30/03/2026;193;193;197;184;1,03B;-3,50%
27/03/2026;200;199;204;195;331,04M;0,50%
26/03/2026;199;214;216;198;622,19M;-7,01%
25/03/2026;214;195;216;189;1,16B;9,74%
17/03/2026;195;200;212;194;1,10B;0,00%
16/03/2026;195;208;212;193;1,25B;-6,25%
13/03/2026;208;214;224;202;1,27B;-3,70%
12/03/2026;216;236;240;214;1,20B;-7,69%
11/03/2026;234;246;246;224;1,06B;-4,10%
10/03/2026;244;260;262;238;1,88B;0,00%
09/03/2026;244;246;264;230;2,49B;-8,96%
06/03/2026;268;266;282;260;2,02B;-1,47%
05/03/2026;272;278;306;266;4,59B;4,62%
04/03/2026;260;286;286;250;2,44B;-9,09%
03/03/2026;286;280;298;274;2,46B;5,93%
02/03/2026;270;282;304;270;2,16B;-8,16%
27/02/2026;294;302;306;278;1,75B;-5,16%
26/02/2026;310;320;342;290;5,11B;-2,52%
25/02/2026;318;280;332;268;6,98B;17,78%
24/02/2026;270;278;296;258;4,65B;-1,46%
23/02/2026;274;232;278;232;4,38B;20,18%
20/02/2026;228;234;252;228;2,79B;-6,56%
19/02/2026;244;236;244;214;4,59B;7,96%
18/02/2026;226;169;226;166;3,50B;34,52%
13/02/2026;168;167;177;162;1,34B;-0,59%
12/02/2026;169;172;179;165;998,93M;-1,17%
11/02/2026;171;155;188;152;3,97B;12,50%
10/02/2026;152;131;152;130;1,30B;16,03%
09/02/2026;131;129;133;117;866,48M;5,65%
06/02/2026;124;130;138;121;1,14B;-12,06%
05/02/2026;141;127;151;126;3,16B;3,68%
04/02/2026;136;152;157;136;3,07B;-15,00%
03/02/2026;160;142;170;142;5,86B;-4,19%
02/02/2026;167;190;190;167;240,74M;-14,80%
30/01/2026;196;196;196;196;383,31M;9,50%
29/01/2026;179;179;179;179;61,08M;-9,60%
28/01/2026;198;198;198;198;59,67M;-10,00%
27/01/2026;220;210;220;210;275,08M;4,76%
26/01/2026;210;240;240;210;344,08M;-8,70%
23/01/2026;230;200;230;200;1,17B;3,60%
22/01/2026;222;222;222;222;972,13M;9,90%
09/01/2026;202;195;228;190;3,51B;12,22%
07/01/2026;180;160;198;147;5,24B;7,78%
06/01/2026;167;136;167;131;3,77B;34,68%
05/01/2026;124;93;124;92;2,83B;34,78%
02/01/2026;92;86;94;86;286,72M;6,98%
30/12/2025;86;89;89;86;48,32M;-2,27%
29/12/2025;88;84;88;83;79,79M;3,53%
24/12/2025;85;86;86;83;121,89M;-1,16%
23/12/2025;86;87;87;85;86,11M;-1,15%
22/12/2025;87;88;88;86;180,61M;0,00%
19/12/2025;87;90;90;87;208,76M;-2,25%
18/12/2025;89;92;93;89;280,07M;-3,26%
17/12/2025;92;89;97;88;641,07M;4,55%
16/12/2025;88;88;90;87;107,43M;1,15%
15/12/2025;87;89;90;86;273,55M;-2,25%
12/12/2025;89;86;91;85;207,60M;3,49%
11/12/2025;86;89;89;86;230,85M;-2,27%
10/12/2025;88;91;91;87;387,00M;-2,22%
09/12/2025;90;91;91;89;155,16M;0,00%
08/12/2025;90;91;92;89;259,87M;-1,10%
05/12/2025;91;91;93;90;140,08M;0,00%
04/12/2025;91;90;93;89;152,07M;1,11%
03/12/2025;90;93;94;90;130,57M;-2,17%
02/12/2025;92;92;94;91;115,33M;0,00%
01/12/2025;92;94;95;91;190,30M;-2,13%
28/11/2025;94;97;99;93;324,92M;-2,08%
27/11/2025;96;93;100;91;1,09B;5,49%
26/11/2025;91;90;92;88;249,40M;1,11%
25/11/2025;90;90;95;88;628,45M;-2,17%
24/11/2025;92;92;95;88;750,76M;1,10%
21/11/2025;91;82;98;81;2,40B;10,98%
20/11/2025;82;81;83;81;205,17M;1,23%
19/11/2025;81;83;83;81;71,66M;-2,41%
18/11/2025;83;85;86;82;186,77M;-2,35%
17/11/2025;85;85;86;84;285,65M;1,19%
14/11/2025;84;84;85;83;185,23M;0,00%
13/11/2025;84;82;86;80;568,97M;2,44%
12/11/2025;82;83;84;81;486,42M;-1,20%
11/11/2025;83;81;86;79;610,20M;3,75%
10/11/2025;80;81;81;79;94,01M;0,00%
07/11/2025;80;80;81;79;320,98M;0,00%
06/11/2025;80;80;81;79;231,65M;0,00%
05/11/2025;80;81;81;79;277,60M;-1,23%
04/11/2025;81;81;82;80;295,14M;0,00%
03/11/2025;81;82;88;79;758,54M;0,00%
31/10/2025;81;82;82;79;478,93M;0,00%
30/10/2025;81;82;84;81;226,88M;-1,22%
29/10/2025;82;84;84;81;427,88M;-1,20%
28/10/2025;83;84;86;82;929,43M;-1,19%
27/10/2025;84;87;88;80;1,00B;-3,45%
24/10/2025;87;89;89;86;75,46M;-2,25%
23/10/2025;89;89;91;88;274,54M;1,14%
22/10/2025;88;89;91;86;342,39M;-1,12%
21/10/2025;89;89;91;88;136,35M;1,14%
20/10/2025;88;88;92;88;189,53M;1,15%
17/10/2025;87;97;98;86;293,47M;-9,38%
16/10/2025;96;97;102;95;472,43M;-1,03%
15/10/2025;97;99;100;94;241,04M;0,00%
14/10/2025;97;100;103;96;243,61M;-3,00%
13/10/2025;100;100;105;97;397,09M;-1,96%
10/10/2025;102;98;108;96;1,18B;5,15%
09/10/2025;97;99;100;96;210,46M;-1,02%
08/10/2025;98;98;101;96;260,83M;3,16%
07/10/2025;95;99;102;93;483,26M;-3,06%
06/10/2025;98;100;103;97;712,30M;-2,00%
03/10/2025;100;102;102;98;260,02M;-0,99%
02/10/2025;101;103;105;97;677,74M;2,02%
01/10/2025;99;106;110;97;884,38M;-2,94%
30/09/2025;102;83;109;83;3,34B;21,43%
29/09/2025;84;84;86;83;104,80M;0,00%
26/09/2025;84;84;84;82;314,74M;0,00%
25/09/2025;84;83;85;81;222,67M;2,44%
24/09/2025;82;84;85;82;511,96M;-2,38%
23/09/2025;84;83;85;81;130,88M;1,20%
22/09/2025;83;84;86;81;301,09M;0,00%
19/09/2025;83;85;88;83;184,26M;-2,35%
18/09/2025;85;82;85;79;628,06M;4,94%
17/09/2025;81;85;85;81;112,10M;-3,57%
16/09/2025;84;81;87;81;432,38M;5,00%
15/09/2025;80;80;82;78;69,65M;0,00%
12/09/2025;80;78;80;76;357,35M;2,56%
11/09/2025;78;81;81;76;156,03M;-3,70%
10/09/2025;81;78;81;76;148,40M;3,85%
09/09/2025;78;79;80;75;402,34M;-1,27%
08/09/2025;79;81;81;79;275,74M;-2,47%
04/09/2025;81;82;82;80;55,09M;0,00%
03/09/2025;81;84;85;81;121,67M;-2,41%
02/09/2025;83;83;87;82;121,18M;0,00%
01/09/2025;83;82;85;77;181,59M;-2,35%
29/08/2025;85;88;88;83;45,08M;-3,41%
28/08/2025;88;90;91;87;88,25M;-1,12%
27/08/2025;89;90;91;87;362,37M;0,00%
26/08/2025;89;87;91;86;452,82M;2,30%
25/08/2025;87;87;88;86;104,74M;0,00%
22/08/2025;87;86;89;86;237,32M;1,16%
21/08/2025;86;88;89;86;305,39M;-1,15%
20/08/2025;87;90;90;87;310,86M;-1,14%
19/08/2025;88;87;90;86;221,01M;1,15%
15/08/2025;87;88;89;86;96,50M;-1,14%
14/08/2025;88;90;91;88;141,56M;-2,22%
13/08/2025;90;90;94;88;447,53M;1,12%
12/08/2025;89;90;90;88;82,45M;0,00%
11/08/2025;89;95;95;88;135,22M;-5,32%
08/08/2025;94;92;96;90;609,22M;3,30%
07/08/2025;91;90;94;89;574,20M;1,11%
06/08/2025;90;89;93;88;405,03M;1,12%
05/08/2025;89;87;90;86;126,78M;2,30%
04/08/2025;87;88;90;84;643,30M;-1,14%
01/08/2025;88;94;95;88;336,28M;-6,38%
31/07/2025;94;91;100;89;839,25M;4,44%
30/07/2025;90;91;92;88;121,39M;-1,10%
29/07/2025;91;91;93;88;260,76M;0,00%
28/07/2025;91;89;92;86;477,04M;3,41%
25/07/2025;88;88;90;86;140,81M;0,00%
24/07/2025;88;87;90;85;285,43M;2,33%
23/07/2025;86;91;92;86;243,21M;-4,44%
22/07/2025;90;84;94;82;992,46M;8,43%
21/07/2025;83;82;84;81;97,92M;1,22%
18/07/2025;82;82;83;81;276,18M;0,00%
17/07/2025;82;84;84;81;429,33M;-2,38%
16/07/2025;84;80;85;79;426,05M;5,00%
15/07/2025;80;80;81;78;264,92M;-1,23%
14/07/2025;81;82;82;80;30,45M;0,00%
11/07/2025;81;81;83;80;321,87M;0,00%
10/07/2025;81;78;84;78;534,44M;3,85%
09/07/2025;78;78;80;78;5,61M;0,00%
08/07/2025;78;79;79;78;6,01M;-1,27%
07/07/2025;79;77;80;77;237,64M;1,28%
04/07/2025;78;78;79;77;36,40M;-1,27%
03/07/2025;79;79;79;77;7,53M;0,00%
02/07/2025;79;80;80;78;9,50M;-1,25%
01/07/2025;80;78;80;77;366,64M;3,90%
30/06/2025;77;79;79;77;28,12M;-2,53%
26/06/2025;79;75;80;73;225,01M;5,33%
25/06/2025;75;79;79;73;84,69M;-6,25%
24/06/2025;80;76;80;74;33,56M;5,26%
23/06/2025;76;77;78;76;19,26M;-2,56%
20/06/2025;78;79;79;76;81,14M;-1,27%
19/06/2025;79;80;80;77;43,30M;-1,25%
18/06/2025;80;81;81;79;11,11M;0,00%
17/06/2025;80;80;81;78;258,63M;1,27%
16/06/2025;79;80;84;79;34,05M;-1,25%
13/06/2025;80;83;84;80;25,58M;-3,61%
12/06/2025;83;81;86;81;81,34M;2,47%
11/06/2025;81;81;82;79;159,90M;0,00%
10/06/2025;81;79;82;78;176,51M;1,25%
05/06/2025;80;80;80;77;18,57M;0,00%
04/06/2025;80;77;80;75;75,16M;3,90%
03/06/2025;77;76;77;75;54,69M;0,00%
02/06/2025;77;79;80;76;143,43M;-2,53%
28/05/2025;79;79;80;78;5,87M;0,00%
27/05/2025;79;78;81;77;51,08M;1,28%
26/05/2025;78;79;80;78;13,73M;-1,27%
23/05/2025;79;80;81;79;49,13M;-1,25%
22/05/2025;80;81;81;78;118,53M;-1,23%
21/05/2025;81;82;82;79;24,34M;-1,22%
20/05/2025;82;85;86;81;195,49M;-3,53%
19/05/2025;85;81;85;80;317,90M;6,25%
16/05/2025;80;81;82;79;317,03M;-1,23%
15/05/2025;81;79;81;79;9,23M;2,53%
14/05/2025;79;80;84;79;261,46M;-1,25%
09/05/2025;80;83;83;80;207,79M;-3,61%
08/05/2025;83;83;85;81;206,75M;0,00%
07/05/2025;83;82;84;82;184,17M;1,22%
06/05/2025;82;83;83;81;190,20M;0,00%
05/05/2025;82;82;86;81;217,43M;0,00%
02/05/2025;82;85;86;82;221,30M;-3,53%
30/04/2025;85;85;88;84;186,12M;0,00%
29/04/2025;85;80;88;79;531,95M;7,59%
28/04/2025;79;81;82;78;139,72M;-2,47%
25/04/2025;81;82;83;80;196,06M;-1,22%
24/04/2025;82;80;83;79;233,84M;2,50%
23/04/2025;80;80;81;79;186,20M;0,00%
22/04/2025;80;78;80;76;68,04M;2,56%
21/04/2025;78;79;79;76;78,31M;-1,27%
17/04/2025;79;79;80;77;184,25M;-1,25%
16/04/2025;80;79;80;76;281,22M;1,27%
15/04/2025;79;78;79;76;116,51M;1,28%
14/04/2025;78;78;79;75;277,90M;-1,27%
11/04/2025;79;77;79;73;94,13M;1,28%
10/04/2025;78;74;79;74;232,86M;6,85%
09/04/2025;73;76;78;73;378,50M;-6,41%
08/04/2025;78;70;78;68;128,28M;0,00%
27/03/2025;78;79;80;76;200,39M;-2,50%
26/03/2025;80;80;81;78;115,43M;0,00%
25/03/2025;80;77;80;77;281,41M;2,56%
24/03/2025;78;79;79;71;119,35M;-1,27%
21/03/2025;79;80;80;76;101,00M;-1,25%
20/03/2025;80;80;82;78;312,08M;1,27%
19/03/2025;79;80;81;77;97,78M;-1,25%
18/03/2025;80;79;80;75;64,13M;1,27%
17/03/2025;79;79;81;77;132,69M;-1,25%
14/03/2025;80;79;81;77;221,47M;1,27%
13/03/2025;79;80;81;78;61,61M;-1,25%
12/03/2025;80;77;80;76;164,36M;3,90%
11/03/2025;77;76;79;75;107,59M;0,00%
10/03/2025;77;80;83;77;396,61M;-3,75%
07/03/2025;80;82;83;79;146,70M;-1,23%
06/03/2025;81;81;84;80;263,98M;0,00%
05/03/2025;81;79;82;78;269,14M;2,53%
04/03/2025;79;80;83;78;129,60M;-1,25%
03/03/2025;80;77;80;77;100,52M;3,90%
28/02/2025;77;81;81;76;29,16M;-3,75%
27/02/2025;80;80;83;78;63,49M;0,00%
26/02/2025;80;79;81;77;351,71M;2,56%
25/02/2025;78;81;82;77;20,54M;-2,50%
24/02/2025;80;81;83;80;92,27M;-1,23%
21/02/2025;81;83;85;81;138,21M;-1,22%
20/02/2025;82;84;87;81;220,22M;-2,38%
19/02/2025;84;83;85;82;217,74M;1,20%
18/02/2025;83;83;85;82;88,88M;1,22%
17/02/2025;82;81;83;78;118,83M;2,50%
14/02/2025;80;80;81;76;112,96M;0,00%
13/02/2025;80;79;80;75;92,53M;2,56%
12/02/2025;78;82;84;78;44,69M;-4,88%
11/02/2025;82;79;82;76;66,39M;3,80%
10/02/2025;79;85;85;79;49,20M;-5,95%
07/02/2025;84;88;88;82;74,81M;-4,55%
06/02/2025;88;88;90;86;132,55M;-1,12%
05/02/2025;89;92;93;89;193,00M;-2,20%
04/02/2025;91;90;93;90;341,43M;1,11%
03/02/2025;90;92;92;87;289,37M;-1,10%
31/01/2025;91;87;93;87;247,90M;4,60%
30/01/2025;87;86;88;85;303,88M;1,16%
24/01/2025;86;87;89;85;186,41M;-1,15%
23/01/2025;87;86;88;86;163,42M;2,35%
22/01/2025;85;84;88;84;190,24M;1,19%
21/01/2025;84;91;91;83;192,52M;-5,62%
20/01/2025;89;88;91;88;246,51M;1,14%
17/01/2025;88;89;90;88;199,10M;-1,12%
16/01/2025;89;87;91;86;204,66M;3,49%
15/01/2025;86;85;86;84;78,02M;2,38%
14/01/2025;84;84;86;83;167,84M;0,00%
13/01/2025;84;84;87;83;109,26M;0,00%
10/01/2025;84;83;85;82;70,19M;1,20%
09/01/2025;83;86;86;82;24,41M;-3,49%
08/01/2025;86;86;89;85;82,59M;1,18%
07/01/2025;85;86;87;85;292,26M;-1,16%
06/01/2025;86;84;88;83;99,29M;2,38%
03/01/2025;84;87;87;84;36,73M;-2,33%
02/01/2025;86;87;88;84;153,53M;-1,15%
30/12/2024;87;90;90;87;213,18M;-3,33%
27/12/2024;90;88;91;88;60,62M;2,27%
24/12/2024;88;88;89;87;94,89M;0,00%
23/12/2024;88;88;91;88;143,58M;0,00%
20/12/2024;88;87;90;85;174,88M;1,15%
19/12/2024;87;90;90;82;149,07M;-3,33%
18/12/2024;90;90;92;89;175,03M;1,12%
17/12/2024;89;88;90;87;243,59M;1,14%
16/12/2024;88;94;94;87;268,84M;-5,38%
13/12/2024;93;93;96;91;310,73M;1,09%
12/12/2024;92;92;93;90;269,74M;1,10%
11/12/2024;91;91;93;89;204,77M;0,00%
10/12/2024;91;92;93;89;206,88M;0,00%
09/12/2024;91;88;93;87;319,04M;3,41%
06/12/2024;88;91;91;84;320,96M;-2,22%
05/12/2024;90;91;95;89;363,42M;-1,10%
04/12/2024;91;87;91;85;273,36M;4,60%
03/12/2024;87;84;88;82;393,12M;3,57%
02/12/2024;84;87;87;77;462,53M;7,69%
29/11/2024;78;73;79;72;455,97M;5,41%
28/11/2024;74;67;75;66;395,89M;12,12%
26/11/2024;66;72;72;65;75,37M;-7,04%
25/11/2024;71;73;75;70;134,04M;-1,39%
22/11/2024;72;72;74;71;124,13M;0,00%
21/11/2024;72;75;76;72;112,77M;-4,00%
20/11/2024;75;71;76;71;231,46M;5,63%
19/11/2024;71;70;74;70;209,63M;1,43%
18/11/2024;70;71;72;69;168,59M;-1,41%
15/11/2024;71;71;73;70;88,08M;0,00%
14/11/2024;71;73;74;71;137,53M;-2,74%
13/11/2024;73;78;78;71;230,85M;-5,19%
12/11/2024;77;71;79;70;319,59M;10,00%
11/11/2024;70;70;72;69;119,89M;0,00%
08/11/2024;70;70;72;68;112,94M;1,45%
07/11/2024;69;71;73;67;221,65M;-4,17%
06/11/2024;72;75;75;72;206,24M;-2,70%
05/11/2024;74;70;75;69;382,62M;5,71%
04/11/2024;70;72;74;68;220,95M;-2,78%
01/11/2024;72;76;76;71;154,71M;-5,26%
31/10/2024;76;78;79;73;150,94M;-2,56%
30/10/2024;78;79;82;77;159,63M;-1,27%
29/10/2024;79;85;86;77;313,14M;-5,95%
28/10/2024;84;81;86;77;373,30M;5,00%
25/10/2024;80;83;88;80;159,84M;-3,61%
24/10/2024;83;91;91;82;315,45M;-7,78%
23/10/2024;90;71;93;71;1,04B;26,76%
22/10/2024;71;69;72;68;308,50M;2,90%
21/10/2024;69;68;70;66;289,05M;2,99%
18/10/2024;67;68;69;66;194,79M;-1,47%
17/10/2024;68;68;69;66;179,83M;1,49%
16/10/2024;67;68;69;66;151,53M;-1,47%
15/10/2024;68;66;69;66;316,48M;3,03%
14/10/2024;66;64;67;64;233,12M;3,13%
11/10/2024;64;66;67;63;33,27M;-1,54%
10/10/2024;65;65;67;65;9,62M;-1,52%
09/10/2024;66;65;67;65;278,93M;1,54%
08/10/2024;65;66;67;64;58,81M;0,00%
07/10/2024;65;67;67;65;22,13M;-1,52%
04/10/2024;66;66;67;64;108,58M;1,54%
03/10/2024;65;64;68;64;75,44M;1,56%
02/10/2024;64;72;72;64;267,16M;-8,57%
01/10/2024;70;62;72;62;223,40M;12,90%
30/08/2024;62;63;64;61;384,42M;0,00%
29/08/2024;62;63;65;60;221,08M;-1,59%
28/08/2024;63;67;68;63;414,87M;-5,97%
27/08/2024;67;70;70;66;361,29M;-2,90%
26/08/2024;69;72;72;68;385,71M;-2,82%
23/08/2024;71;70;71;68;364,42M;4,41%
22/08/2024;68;71;72;68;232,52M;-4,23%
21/08/2024;71;72;73;71;247,01M;-1,39%
20/08/2024;72;77;77;72;248,67M;-2,70%
19/08/2024;74;77;77;71;337,35M;-1,33%
16/08/2024;75;75;79;75;295,68M;0,00%
15/08/2024;75;79;80;74;384,31M;-3,85%
14/08/2024;78;67;81;67;456,94M;2,63%
13/08/2024;76;72;80;69;649,78M;7,04%
12/08/2024;71;75;75;67;785,43M;1,43%
09/08/2024;70;62;70;62;655,61M;12,90%
08/08/2024;62;60;63;60;650,81M;1,64%
07/08/2024;61;60;61;59;587,04M;1,67%
06/08/2024;60;59;60;58;578,25M;1,69%
05/08/2024;59;60;61;58;553,99M;-1,67%
02/08/2024;60;61;62;59;656,99M;-1,64%
01/08/2024;61;60;62;60;521,96M;0,00%
31/07/2024;61;60;61;59;555,59M;3,39%
30/07/2024;59;64;64;59;629,06M;-6,35%
29/07/2024;63;60;64;60;534,57M;5,00%
26/07/2024;60;61;62;60;247,74M;-1,64%
25/07/2024;61;61;62;60;169,94M;0,00%
24/07/2024;61;64;64;61;443,16M;-4,69%
23/07/2024;64;64;65;63;238,49M;0,00%
22/07/2024;64;64;65;63;353,01M;1,59%
19/07/2024;63;64;64;62;363,39M;0,00%
18/07/2024;63;64;64;62;194,35M;0,00%
17/07/2024;63;65;65;62;297,61M;-1,56%
16/07/2024;64;64;66;63;363,07M;1,59%
15/07/2024;63;62;64;61;377,23M;3,28%
12/07/2024;61;61;62;60;277,04M;1,67%
11/07/2024;60;60;61;59;215,35M;1,69%
10/07/2024;59;60;62;59;280,27M;-1,67%
09/07/2024;60;60;62;60;335,77M;0,00%
08/07/2024;60;62;63;60;201,78M;-3,23%
05/07/2024;62;61;62;60;210,40M;3,33%
04/07/2024;60;62;62;60;205,56M;-1,64%
03/07/2024;61;61;63;60;397,23M;0,00%
02/07/2024;61;62;63;61;323,34M;-1,61%
01/07/2024;62;65;65;62;93,82M;-3,13%
28/06/2024;64;65;67;64;103,86M;-1,54%
27/06/2024;65;67;68;65;235,15M;-1,52%
26/06/2024;66;67;68;66;179,98M;-1,49%
25/06/2024;67;69;69;67;432,60M;0,00%
24/06/2024;67;66;68;64;177,22M;3,08%
21/06/2024;65;67;67;65;75,43M;-1,52%
20/06/2024;66;67;69;66;151,35M;-1,49%
19/06/2024;67;65;67;64;122,99M;3,08%
14/06/2024;65;65;66;63;102,13M;0,00%
13/06/2024;65;63;65;63;90,24M;1,56%
12/06/2024;64;63;68;63;94,10M;-3,03%
11/06/2024;66;65;66;62;78,27M;3,13%
10/06/2024;64;66;66;60;81,73M;-3,03%
07/06/2024;66;65;66;63;79,43M;0,00%
06/06/2024;66;67;67;64;202,68M;-2,94%
05/06/2024;68;68;68;63;280,57M;0,00%
04/06/2024;68;74;74;62;406,46M;-1,45%
03/06/2024;69;70;70;60;732,00M;11,29%
31/05/2024;62;79;80;62;851,46M;-21,52%
30/05/2024;79;77;80;77;434,97M;1,28%
29/05/2024;78;79;81;77;183,06M;-1,27%
28/05/2024;79;80;81;77;185,07M;0,00%
27/05/2024;79;79;81;74;205,12M;0,00%
22/05/2024;79;63;81;61;363,90M;29,51%
21/05/2024;61;82;83;61;213,51M;-24,69%
20/05/2024;81;80;82;78;189,28M;2,53%
17/05/2024;79;81;81;79;135,19M;-1,25%
16/05/2024;80;81;82;79;339,82M;0,00%
15/05/2024;80;83;83;79;489,89M;-2,44%
14/05/2024;82;82;84;81;294,30M;0,00%
13/05/2024;82;85;85;81;357,84M;-1,20%
08/05/2024;83;88;89;82;210,98M;-4,60%
07/05/2024;87;87;88;84;493,88M;3,57%
06/05/2024;84;84;86;83;473,75M;0,00%
03/05/2024;84;85;87;83;342,00M;0,00%
02/05/2024;84;92;92;84;453,61M;-6,67%
30/04/2024;90;87;90;85;250,25M;3,45%
29/04/2024;87;80;87;79;194,44M;8,75%
26/04/2024;80;79;81;79;97,82M;0,00%
25/04/2024;80;82;82;77;121,12M;-1,23%
24/04/2024;81;82;84;80;51,50M;0,00%
23/04/2024;81;78;85;78;60,26M;3,85%
22/04/2024;78;81;82;78;91,91M;-2,50%
19/04/2024;80;81;82;80;76,55M;-1,23%
18/04/2024;81;88;88;81;155,17M;-4,71%
17/04/2024;85;84;87;80;195,08M;3,66%
16/04/2024;82;82;83;79;78,73M;1,23%
05/04/2024;81;83;84;80;230,21M;-2,41%
04/04/2024;83;82;86;81;201,01M;0,00%
03/04/2024;83;85;87;83;160,68M;-1,19%
02/04/2024;84;76;84;73;62,07M;10,53%
01/04/2024;76;81;89;59;46,72M;-7,32%
29/02/2024;82;79;82;73;150,43M;2,50%
28/02/2024;80;85;85;70;192,72M;-9,09%
27/02/2024;88;89;90;76;484,73M;-5,38%
26/02/2024;93;94;95;92;312,94M;-1,06%
23/02/2024;94;95;96;92;332,86M;-1,05%
22/02/2024;95;92;97;92;448,57M;2,15%
21/02/2024;93;94;95;92;319,97M;-1,06%
20/02/2024;94;92;96;92;278,67M;0,00%
19/02/2024;94;92;94;90;348,89M;2,17%
16/02/2024;92;91;92;85;206,69M;1,10%
15/02/2024;91;93;94;90;144,17M;-2,15%
13/02/2024;93;93;94;92;282,60M;0,00%
12/02/2024;93;98;98;93;203,55M;-2,11%
07/02/2024;95;94;97;93;348,16M;1,06%
06/02/2024;94;93;95;91;245,19M;1,08%
05/02/2024;93;92;94;90;224,60M;1,09%
02/02/2024;92;87;92;85;202,95M;5,75%
01/02/2024;87;92;92;84;337,82M;-5,43%
31/01/2024;92;93;93;89;216,59M;0,00%
30/01/2024;92;92;94;91;234,35M;0,00%
29/01/2024;92;93;95;92;184,25M;-1,08%
26/01/2024;93;94;96;92;262,32M;-1,06%
25/01/2024;94;95;95;92;204,42M;1,08%
24/01/2024;93;93;94;90;203,40M;0,00%
23/01/2024;93;93;94;91;226,86M;0,00%
22/01/2024;93;93;94;90;146,85M;1,09%
19/01/2024;92;99;99;92;194,89M;-4,17%
18/01/2024;96;97;97;93;160,76M;0,00%
17/01/2024;96;98;100;95;146,51M;-2,04%
16/01/2024;98;98;98;96;150,75M;0,00%
15/01/2024;98;96;98;92;197,36M;2,08%
12/01/2024;96;99;100;92;217,01M;-3,03%
11/01/2024;99;101;101;98;255,63M;-1,00%
10/01/2024;100;101;102;100;223,47M;0,00%
09/01/2024;100;102;104;99;477,80M;-1,96%
08/01/2024;102;108;109;101;223,33M;-4,67%
05/01/2024;107;105;108;104;373,60M;2,88%
04/01/2024;104;106;107;104;223,98M;-1,89%
03/01/2024;106;106;106;103;329,40M;1,92%
02/01/2024;104;106;107;102;300,04M;-0,95%
29/12/2023;105;100;106;100;370,64M;3,96%
28/12/2023;101;100;102;98;310,15M;2,02%
27/12/2023;99;101;102;99;169,97M;-1,98%
22/12/2023;101;101;102;100;224,65M;0,00%
21/12/2023;101;100;101;99;42,58M;1,00%
20/12/2023;100;100;101;99;204,66M;-0,99%
19/12/2023;101;101;103;100;164,82M;0,00%
18/12/2023;101;101;102;99;174,30M;0,00%
15/12/2023;101;102;103;100;254,46M;0,00%
14/12/2023;101;101;103;100;600,84M;0,00%
13/12/2023;101;101;102;100;389,46M;0,00%
12/12/2023;101;102;102;100;335,48M;0,00%
11/12/2023;101;104;104;100;626,31M;-2,88%
08/12/2023;104;105;106;101;582,60M;0,00%
07/12/2023;104;111;111;102;273,27M;-1,89%
06/12/2023;106;109;109;105;541,65M;-1,85%
05/12/2023;108;112;113;107;494,28M;-3,57%
04/12/2023;112;112;114;110;402,92M;0,00%
01/12/2023;112;113;113;111;202,57M;-0,88%
30/11/2023;113;114;115;112;492,35M;0,89%
29/11/2023;112;114;114;111;453,51M;-0,88%
28/11/2023;113;109;116;108;527,03M;4,63%
27/11/2023;108;108;109;107;340,47M;0,93%
24/11/2023;107;108;108;106;411,82M;0,00%
23/11/2023;107;110;110;106;458,85M;-1,83%
22/11/2023;109;114;114;108;398,04M;-2,68%
21/11/2023;112;113;115;110;343,79M;0,00%
20/11/2023;112;108;113;108;350,76M;1,82%
17/11/2023;110;108;110;107;437,59M;1,85%
16/11/2023;108;109;109;106;318,72M;0,00%
15/11/2023;108;109;110;106;374,28M;0,00%
14/11/2023;108;108;111;107;372,87M;0,00%
13/11/2023;108;107;108;104;448,20M;0,93%
10/11/2023;107;106;108;105;608,29M;0,00%
09/11/2023;107;107;108;105;376,30M;-0,93%
08/11/2023;108;109;109;105;431,93M;0,00%
07/11/2023;108;109;111;106;308,33M;-2,70%
06/11/2023;111;110;113;109;325,34M;-0,89%
03/11/2023;112;111;115;108;402,09M;-0,88%
02/11/2023;113;113;114;110;534,68M;0,89%
01/11/2023;112;120;121;111;379,85M;-2,61%
31/10/2023;115;121;121;113;355,53M;-4,17%
30/10/2023;120;113;121;113;443,73M;6,19%
27/10/2023;113;109;113;109;388,04M;1,80%
26/10/2023;111;110;114;110;346,13M;-0,89%
25/10/2023;112;109;114;109;232,48M;0,00%
24/10/2023;112;108;114;108;254,79M;0,00%
23/10/2023;112;109;114;109;231,22M;-0,88%
20/10/2023;113;113;114;110;256,27M;0,89%
19/10/2023;112;112;113;109;308,71M;0,90%
18/10/2023;111;112;112;109;175,63M;0,91%
17/10/2023;110;111;111;107;147,89M;1,85%
16/10/2023;108;115;115;107;147,50M;-2,70%
13/10/2023;111;115;115;109;201,39M;-1,77%
12/10/2023;113;113;114;112;248,08M;0,89%
11/10/2023;112;115;115;112;110,50M;-1,75%
10/10/2023;114;116;118;114;175,27M;-0,87%
09/10/2023;115;109;118;107;296,40M;5,50%
06/10/2023;109;107;109;107;293,08M;0,00%
05/10/2023;109;111;112;107;96,76M;0,00%
04/10/2023;109;110;110;103;175,01M;0,00%
03/10/2023;109;111;111;107;93,61M;-0,91%
02/10/2023;110;115;115;108;236,79M;-1,79%
29/09/2023;112;113;115;111;197,57M;0,00%
27/09/2023;112;116;116;112;43,13M;-1,75%
26/09/2023;114;112;116;112;141,05M;1,79%
25/09/2023;112;112;114;109;156,60M;0,90%
22/09/2023;111;113;114;111;148,67M;-1,77%
21/09/2023;113;115;117;113;63,43M;-0,88%
20/09/2023;114;117;119;114;90,19M;0,00%
19/09/2023;114;113;117;110;245,45M;1,79%
18/09/2023;112;112;122;110;318,89M;0,90%
15/09/2023;111;111;115;105;267,63M;5,71%
14/09/2023;105;111;111;105;103,83M;-2,78%
13/09/2023;108;108;109;104;181,19M;1,89%
12/09/2023;106;109;110;104;122,63M;-1,85%
11/09/2023;108;108;109;106;82,96M;0,93%
08/09/2023;107;110;111;103;175,57M;-1,83%
07/09/2023;109;111;112;108;121,56M;-0,91%
06/09/2023;110;109;112;109;88,88M;0,92%
05/09/2023;109;108;112;108;91,38M;-1,80%
04/09/2023;111;107;112;107;59,09M;4,72%
01/09/2023;106;103;110;102;116,43M;3,92%
31/08/2023;102;109;110;102;60,45M;-4,67%
30/08/2023;107;109;109;104;58,09M;0,94%
29/08/2023;106;109;109;104;44,49M;-1,85%
28/08/2023;108;116;116;105;30,45M;0,00%
25/08/2023;108;115;115;101;243,31M;-5,26%
24/08/2023;114;116;116;113;20,61M;0,00%
23/08/2023;114;117;117;114;23,98M;-1,72%
22/08/2023;116;119;119;115;10,38M;-0,85%
21/08/2023;117;118;119;114;57,14M;0,86%
18/08/2023;116;117;117;114;18,09M;0,00%
16/08/2023;116;116;117;113;38,95M;0,00%
15/08/2023;116;118;118;115;20,76M;0,00%
14/08/2023;116;116;117;112;74,01M;0,00%
11/08/2023;116;119;119;115;9,75M;-0,85%
10/08/2023;117;116;120;113;47,96M;1,74%
09/08/2023;115;119;119;111;115,99M;-1,71%
08/08/2023;117;122;122;116;125,33M;-1,68%
07/08/2023;119;121;122;118;34,15M;-0,83%
04/08/2023;120;120;120;116;79,73M;0,84%
03/08/2023;119;121;121;118;55,37M;0,00%
02/08/2023;119;119;122;116;105,01M;0,00%
01/08/2023;119;131;131;119;397,18M;-8,46%
31/07/2023;130;132;136;128;395,46M;-1,52%
28/07/2023;132;131;133;130;374,22M;0,76%
27/07/2023;131;128;131;127;346,95M;1,55%
26/07/2023;129;131;133;128;305,44M;-0,77%
25/07/2023;130;138;138;130;420,08M;-2,99%
24/07/2023;134;125;137;125;532,60M;7,20%
21/07/2023;125;125;127;123;323,81M;0,81%
20/07/2023;124;124;125;121;188,29M;0,81%
18/07/2023;123;124;127;122;252,53M;-0,81%
17/07/2023;124;118;126;118;258,93M;4,20%
14/07/2023;119;119;120;116;277,83M;0,00%
13/07/2023;119;123;123;118;395,96M;-1,65%
12/07/2023;121;124;125;120;381,94M;-3,20%
11/07/2023;125;126;126;123;362,21M;0,00%
10/07/2023;125;127;127;121;436,57M;-0,79%
07/07/2023;126;127;128;125;434,16M;-0,79%
06/07/2023;127;130;131;126;374,01M;-2,31%
05/07/2023;130;131;131;128;342,52M;0,00%
04/07/2023;130;130;131;129;343,65M;-0,76%
03/07/2023;131;132;133;129;457,78M;-0,76%
27/06/2023;132;132;134;130;258,12M;0,00%
26/06/2023;132;135;135;131;325,36M;-1,49%
23/06/2023;134;136;137;132;206,85M;0,00%
22/06/2023;134;131;135;131;251,05M;0,75%
21/06/2023;133;136;136;132;271,82M;-0,75%
20/06/2023;134;137;137;133;321,68M;-0,74%
19/06/2023;135;137;137;132;203,33M;0,00%
16/06/2023;135;136;137;134;192,39M;-0,74%
15/06/2023;136;143;143;134;261,78M;-1,45%
14/06/2023;138;143;143;137;290,26M;-0,72%
13/06/2023;139;140;141;137;226,26M;-0,71%
12/06/2023;140;141;145;139;192,52M;-0,71%
09/06/2023;141;140;145;139;259,74M;0,71%
08/06/2023;140;139;141;136;275,00M;2,19%
07/06/2023;137;141;141;137;206,17M;-2,84%
06/06/2023;141;145;145;138;206,19M;0,00%
05/06/2023;141;142;145;139;96,89M;0,00%
31/05/2023;141;142;142;139;167,24M;-1,40%
30/05/2023;143;145;145;139;107,91M;1,42%
29/05/2023;141;142;142;138;59,94M;0,00%
26/05/2023;141;141;142;139;138,25M;0,71%
25/05/2023;140;144;145;140;91,05M;-3,45%
24/05/2023;145;146;146;143;120,56M;0,00%
23/05/2023;145;146;146;142;97,07M;1,40%
22/05/2023;143;146;148;142;204,14M;1,42%
19/05/2023;141;141;141;138;77,33M;0,00%
17/05/2023;141;142;143;139;105,75M;0,71%
16/05/2023;140;141;144;139;106,64M;-1,41%
15/05/2023;142;145;148;141;80,58M;-1,39%
12/05/2023;144;150;150;144;119,73M;-2,04%
11/05/2023;147;150;150;145;90,47M;-2,00%
10/05/2023;150;148;153;148;55,50M;2,04%
09/05/2023;147;148;148;146;39,81M;0,00%
08/05/2023;147;142;152;142;54,30M;1,38%
05/05/2023;145;145;148;141;107,70M;0,69%
04/05/2023;144;145;148;143;100,55M;-0,69%
03/05/2023;145;150;150;144;41,19M;-1,36%
02/05/2023;147;147;150;146;17,72M;0,00%
28/04/2023;147;146;151;145;46,37M;1,38%
27/04/2023;145;156;156;144;53,46M;-3,33%
26/04/2023;150;142;150;138;42,43M;8,70%
18/04/2023;138;139;141;136;16,88M;0,00%
17/04/2023;138;142;142;135;22,50M;0,00%
14/04/2023;138;141;144;137;26,56M;-2,13%
13/04/2023;141;144;144;141;12,24M;-0,70%
12/04/2023;142;148;150;141;50,23M;-4,05%
11/04/2023;148;151;151;147;30,65M;0,68%
10/04/2023;147;152;154;147;43,73M;-2,65%
06/04/2023;151;159;160;150;54,48M;-3,82%
05/04/2023;157;163;164;156;114,31M;-4,27%
04/04/2023;164;150;169;146;473,84M;11,56%
03/04/2023;147;151;152;144;45,40M;-2,00%
31/03/2023;150;142;150;139;44,45M;6,38%
30/03/2023;141;148;152;141;82,61M;-4,73%
29/03/2023;148;140;148;139;59,16M;6,47%
28/03/2023;139;133;140;131;41,96M;5,30%
27/03/2023;132;140;140;132;64,32M;-3,65%
24/03/2023;137;141;144;137;59,29M;-2,14%
21/03/2023;140;144;146;140;267,60M;-2,10%
20/03/2023;143;146;147;142;162,06M;-2,05%
17/03/2023;146;147;147;143;254,39M;2,10%
16/03/2023;143;153;153;143;262,89M;-5,92%
15/03/2023;152;153;159;151;257,90M;-0,65%
14/03/2023;153;161;163;153;303,34M;-5,56%
13/03/2023;162;154;163;150;217,11M;5,19%
10/03/2023;154;156;158;154;739,03M;-1,28%
09/03/2023;156;158;160;156;515,86M;-0,64%
08/03/2023;157;162;163;157;450,51M;-3,09%
07/03/2023;162;162;164;159;448,92M;1,25%
06/03/2023;160;156;165;153;473,11M;4,58%
03/03/2023;153;153;154;151;458,80M;0,00%
02/03/2023;153;159;159;151;540,24M;1,32%
01/03/2023;151;152;154;151;439,40M;0,00%
28/02/2023;151;152;153;150;638,24M;0,00%
27/02/2023;151;156;157;151;633,68M;-1,95%
24/02/2023;154;156;156;153;436,65M;0,65%
23/02/2023;153;158;159;151;462,82M;-2,55%
22/02/2023;157;155;161;155;463,78M;1,29%
21/02/2023;155;161;162;152;534,82M;-3,73%
20/02/2023;161;163;166;159;365,30M;-1,23%
17/02/2023;163;181;181;161;696,29M;-5,78%
16/02/2023;173;171;175;169;435,85M;1,76%
15/02/2023;170;174;176;170;584,55M;-1,16%
14/02/2023;172;174;184;170;832,69M;0,58%
13/02/2023;171;176;177;169;372,38M;-0,58%
10/02/2023;172;168;179;166;503,10M;1,78%
09/02/2023;169;180;184;168;511,66M;-6,11%
08/02/2023;180;180;186;179;437,96M;0,56%
07/02/2023;179;168;180;168;524,89M;6,55%
06/02/2023;168;167;169;163;407,66M;0,60%
03/02/2023;167;178;179;165;503,10M;-5,65%
02/02/2023;177;175;177;174;282,64M;1,72%
01/02/2023;174;178;183;174;455,40M;-2,25%
31/01/2023;178;152;181;149;955,29M;17,11%
30/01/2023;152;154;155;152;306,95M;-0,65%
27/01/2023;153;154;156;150;381,43M;-0,65%
26/01/2023;154;149;158;147;521,95M;3,36%
25/01/2023;149;148;149;145;164,47M;0,68%
24/01/2023;148;145;149;144;287,84M;2,07%
20/01/2023;145;149;149;138;259,80M;-2,03%
19/01/2023;148;150;152;147;254,42M;-1,99%
18/01/2023;151;152;155;151;266,73M;-0,66%
17/01/2023;152;158;158;149;358,72M;-3,18%
16/01/2023;157;153;158;153;288,98M;2,61%
13/01/2023;153;150;155;149;257,71M;2,00%
12/01/2023;150;158;158;150;236,75M;-5,06%
11/01/2023;158;157;159;155;273,11M;1,28%
10/01/2023;156;156;157;152;207,05M;1,96%
09/01/2023;153;153;155;151;240,42M;0,00%
06/01/2023;153;151;154;146;130,85M;1,32%
05/01/2023;151;162;162;151;412,77M;-6,79%
04/01/2023;162;164;166;162;168,73M;-1,22%
03/01/2023;164;164;168;164;170,94M;0,00%
02/01/2023;164;162;164;156;62,94M;3,80%
30/12/2022;158;161;164;158;60,21M;-2,47%
29/12/2022;162;163;163;153;177,24M;-0,61%
28/12/2022;163;165;165;160;54,88M;0,00%
27/12/2022;163;165;167;163;38,31M;-1,21%
26/12/2022;165;163;166;162;65,20M;1,23%
23/12/2022;163;162;165;161;26,80M;0,62%
22/12/2022;162;159;165;159;62,20M;0,62%
21/12/2022;161;163;164;156;346,66M;-1,23%
20/12/2022;163;173;177;162;562,09M;-6,32%
19/12/2022;174;182;182;173;492,14M;-4,40%
16/12/2022;182;181;185;176;1,06B;-0,55%
15/12/2022;183;184;185;171;1,09B;0,00%
14/12/2022;183;188;190;182;875,67M;-2,66%
13/12/2022;188;192;194;188;782,86M;-2,08%
12/12/2022;192;188;194;187;974,51M;2,67%
09/12/2022;187;185;192;180;1,08B;1,08%
08/12/2022;185;176;186;169;993,28M;4,52%
07/12/2022;177;174;178;169;734,89M;1,72%
06/12/2022;174;181;183;174;811,43M;-3,87%
05/12/2022;181;184;186;181;745,13M;-1,09%
02/12/2022;183;183;185;178;872,10M;0,55%
01/12/2022;182;186;188;181;725,98M;-2,15%
30/11/2022;186;183;187;178;2,08B;2,20%
29/11/2022;182;175;185;173;799,94M;4,60%
28/11/2022;174;175;178;168;752,58M;-0,57%
25/11/2022;175;170;179;167;858,84M;1,74%
24/11/2022;172;181;184;172;1,13B;-4,44%
23/11/2022;180;178;182;172;1,08B;1,12%
22/11/2022;178;161;180;161;1,39B;11,25%
21/11/2022;160;155;163;154;1,36B;4,58%
18/11/2022;153;145;159;145;1,34B;5,52%
17/11/2022;145;148;150;144;840,53M;-1,36%
16/11/2022;147;150;150;144;760,43M;-1,34%
15/11/2022;149;143;150;138;1,05B;4,20%
14/11/2022;143;146;152;140;893,05M;-1,38%
11/11/2022;145;140;149;140;1,27B;5,84%
10/11/2022;137;136;137;132;1,08B;0,74%
09/11/2022;136;136;138;134;827,03M;0,00%
08/11/2022;136;141;143;135;1,06B;-2,86%
07/11/2022;140;134;145;134;1,21B;5,26%
04/11/2022;133;131;135;130;991,87M;1,53%
03/11/2022;131;132;134;129;814,26M;-0,76%
02/11/2022;132;135;137;131;888,17M;-0,75%
01/11/2022;133;134;137;132;1,01B;-1,48%
31/10/2022;135;135;138;130;891,06M;0,00%
28/10/2022;135;142;142;133;995,10M;-2,88%
27/10/2022;139;145;147;138;883,59M;-4,14%
26/10/2022;145;149;150;141;771,18M;-2,03%
25/10/2022;148;154;154;147;725,20M;-3,27%
24/10/2022;153;147;159;147;833,04M;4,08%
21/10/2022;147;153;156;146;856,31M;-3,92%
20/10/2022;153;140;157;140;1,03B;10,07%
19/10/2022;139;144;144;136;1,05B;-2,11%
18/10/2022;142;150;150;141;1,13B;-0,70%
17/10/2022;143;139;144;131;1,22B;3,62%
14/10/2022;138;142;147;137;1,16B;-2,82%
13/10/2022;142;135;149;133;1,33B;6,77%
12/10/2022;133;130;138;129;1,20B;0,00%
11/10/2022;133;140;142;132;1,25B;-5,00%
10/10/2022;140;150;150;140;1,24B;-6,04%
07/10/2022;149;151;153;147;1,05B;0,68%
06/10/2022;148;154;157;148;1,19B;-3,90%
05/10/2022;154;153;161;152;1,31B;1,99%
04/10/2022;151;145;151;143;1,19B;5,59%
03/10/2022;143;142;148;137;1,27B;0,70%
30/09/2022;142;147;152;140;1,24B;-3,40%
29/09/2022;147;153;154;146;1,08B;-2,00%
28/09/2022;150;154;157;150;1,13B;-2,60%
27/09/2022;154;145;158;135;1,39B;6,94%
26/09/2022;144;150;153;144;1,18B;-6,49%
23/09/2022;154;159;162;153;1,09B;-2,53%
22/09/2022;158;156;159;150;1,09B;1,94%
21/09/2022;155;150;158;146;1,24B;0,00%
20/09/2022;155;165;165;154;1,47B;-6,06%
19/09/2022;165;177;179;165;1,25B;-6,78%
16/09/2022;177;175;183;173;1,18B;2,31%
15/09/2022;173;173;177;172;865,00M;0,00%
14/09/2022;173;172;175;168;806,83M;0,00%
13/09/2022;173;179;181;171;926,39M;-2,26%
12/09/2022;177;178;184;177;955,27M;-0,56%
09/09/2022;178;178;182;177;769,37M;0,00%
08/09/2022;178;174;183;174;1,08B;1,71%
07/09/2022;175;185;191;175;1,70B;-3,85%
06/09/2022;182;170;187;169;1,71B;7,69%
05/09/2022;169;170;176;164;1,06B;-1,17%
02/09/2022;171;180;182;167;994,76M;-4,47%
01/09/2022;179;181;182;178;843,91M;-0,56%
31/08/2022;180;181;183;178;862,08M;-0,55%
30/08/2022;181;178;186;173;1,09B;1,69%
29/08/2022;178;186;186;173;1,01B;-3,78%
26/08/2022;185;186;187;181;1,09B;0,54%
25/08/2022;184;191;191;183;1,01B;-2,65%
24/08/2022;189;188;193;187;952,35M;1,07%
23/08/2022;187;184;188;182;804,78M;1,63%
22/08/2022;184;188;191;182;972,87M;-2,13%
19/08/2022;188;190;192;187;787,51M;0,00%
18/08/2022;188;191;193;187;767,08M;-1,05%
16/08/2022;190;190;195;188;998,87M;1,06%
15/08/2022;188;190;194;184;836,21M;-0,53%
12/08/2022;189;194;204;189;1,25B;-2,07%
11/08/2022;193;186;197;185;1,04B;4,32%
10/08/2022;185;187;190;184;824,43M;-0,54%
09/08/2022;186;185;191;184;911,27M;0,54%
08/08/2022;185;195;198;183;904,10M;-4,64%
05/08/2022;194;185;198;184;1,10B;5,43%
04/08/2022;184;183;197;183;1,15B;-6,12%
03/08/2022;196;210;210;196;1,14B;-6,67%
02/08/2022;210;226;230;210;1,19B;-6,25%
01/08/2022;224;218;234;214;1,62B;3,70%
29/07/2022;216;186;218;184;1,56B;17,39%
28/07/2022;184;196;198;182;975,45M;-5,64%
27/07/2022;195;191;202;190;1,02B;2,63%
26/07/2022;190;187;202;186;1,17B;2,15%
25/07/2022;186;185;195;179;1,23B;1,09%
22/07/2022;184;154;197;152;2,51B;21,05%
21/07/2022;152;141;153;139;1,09B;8,57%
20/07/2022;140;146;147;137;1,03B;-2,10%
19/07/2022;143;126;146;126;1,36B;13,49%
18/07/2022;126;132;132;124;962,39M;-4,55%
15/07/2022;132;142;145;132;1,26B;-6,38%
14/07/2022;141;137;143;136;965,50M;2,92%
13/07/2022;137;135;143;134;1,32B;1,48%
12/07/2022;135;134;138;133;727,23M;0,75%
11/07/2022;134;132;138;131;1,05B;1,52%
08/07/2022;132;134;136;128;942,74M;1,54%
07/07/2022;130;124;132;123;1,05B;4,84%
06/07/2022;124;125;126;116;869,69M;0,00%
05/07/2022;124;114;127;113;1,46B;9,73%
04/07/2022;113;116;116;107;1,04B;-1,74%
01/07/2022;115;115;117;114;1,05B;0,00%
30/06/2022;115;112;116;111;890,07M;2,68%
29/06/2022;112;113;116;110;984,87M;0,00%
28/06/2022;112;108;115;105;1,20B;3,70%
27/06/2022;108;120;120;108;1,77B;-6,90%
24/06/2022;116;115;121;115;1,22B;0,87%
23/06/2022;115;123;129;115;1,34B;-6,50%
22/06/2022;123;132;135;123;1,21B;-6,82%
21/06/2022;132;142;149;132;1,46B;-6,38%
20/06/2022;141;151;151;137;1,07B;-4,08%
17/06/2022;147;118;153;115;2,57B;25,64%
16/06/2022;117;114;121;114;1,06B;2,63%
15/06/2022;114;129;129;113;1,25B;-4,20%
14/06/2022;119;111;120;109;1,06B;7,21%
13/06/2022;111;114;120;107;1,16B;-2,63%
10/06/2022;114;118;119;113;944,60M;-3,39%
09/06/2022;118;120;126;116;1,26B;-0,84%
08/06/2022;119;110;121;109;1,53B;9,17%
07/06/2022;109;110;112;107;1,04B;0,00%
06/06/2022;109;106;112;104;1,16B;2,83%
03/06/2022;106;103;115;101;1,76B;3,92%
02/06/2022;102;101;106;101;1,11B;-2,86%
31/05/2022;105;101;108;101;1,18B;5,00%
30/05/2022;100;91;100;90;1,42B;11,11%
27/05/2022;90;91;92;87;884,70M;2,27%
25/05/2022;88;89;90;86;828,08M;0,00%
24/05/2022;88;92;95;88;1,08B;-2,22%
23/05/2022;90;84;91;84;1,17B;7,14%
20/05/2022;84;83;87;82;928,96M;2,44%
19/05/2022;82;85;85;81;893,99M;-3,53%
18/05/2022;85;86;87;83;973,99M;0,00%
17/05/2022;85;81;87;81;905,09M;4,94%
13/05/2022;81;81;82;76;913,60M;0,00%
12/05/2022;81;88;88;81;926,27M;-6,90%
11/05/2022;87;83;88;82;751,41M;4,82%
10/05/2022;83;87;89;82;855,61M;-5,68%
09/05/2022;88;88;91;86;774,98M;0,00%
28/04/2022;88;88;89;86;1,03B;0,00%
27/04/2022;88;86;90;83;1,11B;2,33%
26/04/2022;86;92;93;85;1,22B;-5,49%
25/04/2022;91;87;92;84;1,01B;4,60%
